total_games,session_index,session_target,score,record_score,mean_score,epsilon,avg_loss,memory_size
571,1,10,27,30,27.0000,0.057145,1.183412,38711
572,2,10,24,30,25.5000,0.056859,1.112998,39025
573,3,10,21,30,24.0000,0.056575,1.128886,39225
574,4,10,19,30,22.7500,0.056292,1.137815,39466
575,5,10,5,30,19.2000,0.056011,1.413677,39531
576,6,10,29,30,20.8333,0.055731,1.357564,39853
577,7,10,12,30,19.5714,0.055452,1.334369,40020
578,8,10,30,30,20.8750,0.055175,1.340427,40334
579,9,10,4,30,19.0000,0.054899,1.172983,40391
580,10,10,18,30,18.9000,0.054624,1.493533,40564
581,1,1000,12,30,12.0000,0.054351,1.308591,40742
582,2,1000,5,30,8.5000,0.054080,1.145227,40781
583,3,1000,17,30,11.3333,0.053809,1.063077,40983
584,4,1000,4,30,9.5000,0.053540,1.343292,41022
585,5,1000,11,30,9.8000,0.053272,1.320569,41134
586,6,1000,5,30,9.0000,0.053006,1.136420,41191
587,7,1000,13,30,9.5714,0.052741,1.165936,41357
588,8,1000,7,30,9.2500,0.052477,1.151141,41405
589,9,1000,15,30,9.8889,0.052215,0.916004,41560
590,10,1000,8,30,9.7000,0.051954,1.155692,41639
591,11,1000,22,30,10.8182,0.051694,1.401791,41898
592,12,1000,22,30,11.7500,0.051436,1.082679,42162
593,13,1000,21,30,12.4615,0.051178,0.963982,42373
594,14,1000,13,30,12.5000,0.050923,1.369238,42521
595,15,1000,7,30,12.1333,0.050668,1.158798,42594
596,16,1000,23,30,12.8125,0.050415,1.424276,42886
597,17,1000,25,30,13.5294,0.050163,1.300416,43177
598,18,1000,25,30,14.1667,0.049912,1.063560,43516
599,19,1000,12,30,14.0526,0.049662,1.107912,43611
600,20,1000,35,35,15.1000,0.049414,1.494955,44081
601,21,1000,11,35,15.0500,0.049167,1.271077,44206
602,22,1000,12,35,15.4000,0.048921,1.172471,44325
603,23,1000,23,35,15.7000,0.048676,1.264283,44636
604,24,1000,20,35,16.5000,0.048433,1.132848,44953
605,25,1000,13,35,16.6000,0.048191,1.218226,45116
606,26,1000,10,35,16.8500,0.047950,1.199552,45281
607,27,1000,9,35,16.6500,0.047710,1.228016,45355
608,28,1000,5,35,16.5500,0.047472,1.050671,45421
609,29,1000,15,35,16.5500,0.047234,0.947079,45591
610,30,1000,10,35,16.6500,0.046998,0.943745,45704
611,31,1000,2,35,15.6500,0.046763,1.055161,45729
612,32,1000,11,35,15.1000,0.046529,1.029241,45851
613,33,1000,5,35,14.3000,0.046297,1.107906,45906
614,34,1000,23,35,14.8000,0.046065,1.271348,46130
615,35,1000,18,35,15.3500,0.045835,1.196310,46343
616,36,1000,20,35,15.2000,0.045606,1.021023,46525
617,37,1000,32,35,15.5500,0.045378,0.987881,46919
618,38,1000,17,35,15.1500,0.045151,1.190412,47115
619,39,1000,9,35,15.0000,0.044925,1.291893,47214
620,40,1000,10,35,13.7500,0.044700,1.432797,47319
621,41,1000,12,35,13.8000,0.044477,1.026353,47471
622,42,1000,7,35,13.5500,0.044254,0.980204,47544
623,43,1000,6,35,12.7000,0.044033,1.000130,47600
624,44,1000,10,35,12.2000,0.043813,0.850606,47721
625,45,1000,32,35,13.1500,0.043594,1.025992,48078
626,46,1000,12,35,13.2500,0.043376,1.408129,48199
627,47,1000,21,35,13.8500,0.043159,1.047515,48388
628,48,1000,17,35,14.4500,0.042943,1.247013,48583
629,49,1000,9,35,14.1500,0.042729,1.177254,48688
630,50,1000,2,35,13.7500,0.042515,1.263338,48710
631,51,1000,19,35,14.6000,0.042302,0.912009,48918
632,52,1000,11,35,14.6000,0.042091,1.146444,49049
633,53,1000,13,35,15.0000,0.041880,1.021610,49179
634,54,1000,10,35,14.3500,0.041671,1.150535,49286
635,55,1000,12,35,14.0500,0.041463,1.298757,49413
636,56,1000,5,35,13.3000,0.041255,1.300360,49471
637,57,1000,13,35,12.3500,0.041049,1.113869,49604
638,58,1000,19,35,12.4500,0.040844,1.259020,49812
639,59,1000,25,35,13.2500,0.040640,1.299457,50000
640,60,1000,9,35,13.2000,0.040436,1.341952,50000
641,61,1000,1,35,12.6500,0.040234,1.135587,50000
642,62,1000,21,35,13.3500,0.040033,1.206927,50000
643,63,1000,13,35,13.7000,0.039833,1.307563,50000
644,64,1000,20,35,14.2000,0.039634,1.152144,50000
645,65,1000,17,35,13.4500,0.039435,1.094689,50000
646,66,1000,9,35,13.3000,0.039238,1.382547,50000
647,67,1000,7,35,12.6000,0.039042,1.273590,50000
648,68,1000,14,35,12.4500,0.038847,1.011355,50000
649,69,1000,15,35,12.7500,0.038653,1.074137,50000
650,70,1000,22,35,13.7500,0.038459,1.038309,50000
651,71,1000,16,35,13.6000,0.038267,1.419355,50000
652,72,1000,21,35,14.1000,0.038076,1.293044,50000
653,73,1000,20,35,14.4500,0.037885,1.277917,50000
654,74,1000,19,35,14.9000,0.037696,1.156723,50000
655,75,1000,13,35,14.9500,0.037507,1.534387,50000
656,76,1000,14,35,15.4000,0.037320,1.441209,50000
657,77,1000,27,35,16.1000,0.037133,1.250634,50000
658,78,1000,22,35,16.2500,0.036948,1.417255,50000
659,79,1000,8,35,15.4000,0.036763,1.262320,50000
660,80,1000,17,35,15.8000,0.036579,1.255147,50000
661,81,1000,5,35,16.0000,0.036396,1.802423,50000
662,82,1000,18,35,15.8500,0.036214,1.413447,50000
663,83,1000,35,35,16.9500,0.036033,1.165639,50000
664,84,1000,31,35,17.5000,0.035853,1.135813,50000
665,85,1000,6,35,16.9500,0.035674,1.142467,50000
666,86,1000,33,35,18.1500,0.035495,1.456203,50000
667,87,1000,10,35,18.3000,0.035318,1.294362,50000
668,88,1000,16,35,18.4000,0.035141,1.275203,50000
669,89,1000,6,35,17.9500,0.034966,1.013416,50000
670,90,1000,17,35,17.7000,0.034791,1.130359,50000
672,1,1000,5,35,5.0000,0.034444,1.363008,50000
673,2,1000,19,35,12.0000,0.034272,1.293095,50000
674,3,1000,7,35,10.3333,0.034100,1.264691,50000
675,4,1000,22,35,13.2500,0.033930,1.536176,50000
676,5,1000,13,35,13.2000,0.033760,1.109572,50000
677,6,1000,4,35,11.6667,0.033591,1.356296,50000
678,7,1000,20,35,12.8571,0.033423,1.138690,50000
679,8,1000,12,35,12.7500,0.033256,1.363108,50000
680,9,1000,9,35,12.3333,0.033090,1.248219,50000
681,10,1000,3,35,11.4000,0.032924,1.159410,50000
682,11,1000,17,35,11.9091,0.032760,1.375087,50000
683,12,1000,18,35,12.4167,0.032596,1.210313,50000
684,13,1000,13,35,12.4615,0.032433,1.204794,50000
685,14,1000,19,35,12.9286,0.032271,1.422843,50000
686,15,1000,15,35,13.0667,0.032109,1.203802,50000
687,16,1000,18,35,13.3750,0.031949,1.274255,50000
688,17,1000,14,35,13.4118,0.031789,1.457178,50000
689,18,1000,21,35,13.8333,0.031630,1.364677,50000
690,19,1000,26,35,14.4737,0.031472,1.116310,50000
691,20,1000,19,35,14.7000,0.031315,1.214792,50000
692,21,1000,18,35,15.3500,0.031158,1.214854,50000
693,22,1000,2,35,14.5000,0.031002,1.401589,50000
694,23,1000,23,35,15.3000,0.030847,1.257078,50000
695,24,1000,10,35,14.7000,0.030693,1.318195,50000
696,25,1000,20,35,15.0500,0.030540,1.367243,50000
697,26,1000,14,35,15.5500,0.030387,1.180566,50000
698,27,1000,21,35,15.6000,0.030235,0.884133,50000
699,28,1000,6,35,15.3000,0.030084,1.182446,50000
700,29,1000,12,35,15.4500,0.029933,1.391117,50000
701,30,1000,10,35,15.8000,0.029784,1.242684,50000
702,31,1000,24,35,16.1500,0.029635,1.506909,50000
703,32,1000,16,35,16.0500,0.029487,1.453199,50000
704,33,1000,15,35,16.1500,0.029339,1.468090,50000
705,34,1000,21,35,16.2500,0.029193,1.247547,50000
706,35,1000,4,35,15.7000,0.029047,1.276410,50000
707,36,1000,8,35,15.2000,0.028901,1.172456,50000
708,37,1000,13,35,15.1500,0.028757,1.140608,50000
709,38,1000,17,35,14.9500,0.028613,1.196253,50000
710,39,1000,2,35,13.7500,0.028470,1.245791,50000
711,40,1000,1,35,12.8500,0.028328,1.179822,50000
712,41,1000,15,35,12.7000,0.028186,1.395044,50000
713,42,1000,21,35,13.6500,0.028045,1.071030,50000
714,43,1000,18,35,13.4000,0.027905,1.300475,50000
715,44,1000,6,35,13.2000,0.027765,1.178335,50000
716,45,1000,12,35,12.8000,0.027626,1.169804,50000
717,46,1000,20,35,13.1000,0.027488,1.109177,50000
718,47,1000,15,35,12.8000,0.027351,1.238664,50000
719,48,1000,24,35,13.7000,0.027214,1.291362,50000
720,49,1000,19,35,14.0500,0.027078,1.196903,50000
721,50,1000,15,35,14.3000,0.026943,1.193657,50000
722,51,1000,6,35,13.4000,0.026808,1.479748,50000
723,52,1000,11,35,13.1500,0.026674,1.038808,50000
724,53,1000,15,35,13.1500,0.026541,1.326029,50000
725,54,1000,4,35,12.3000,0.026408,1.317394,50000
726,55,1000,16,35,12.9000,0.026276,1.198762,50000
727,56,1000,22,35,13.6000,0.026144,1.503214,50000
728,57,1000,16,35,13.7500,0.026014,0.946478,50000
729,58,1000,28,35,14.3000,0.025884,1.349658,50000
730,59,1000,24,35,15.4000,0.025754,1.423578,50000
731,60,1000,11,35,15.9000,0.025625,1.667815,50000
732,61,1000,22,35,16.2500,0.025497,1.096992,50000
733,62,1000,11,35,15.7500,0.025370,1.212445,50000
734,63,1000,11,35,15.4000,0.025243,1.093309,50000
735,64,1000,25,35,16.3500,0.025117,1.076515,50000
736,65,1000,5,35,16.0000,0.024991,1.021384,50000
737,66,1000,1,35,15.0500,0.024866,1.285208,50000
738,67,1000,35,35,16.0500,0.024742,1.053796,50000
739,68,1000,19,35,15.8000,0.024618,1.033726,50000
740,69,1000,6,35,15.1500,0.024495,1.326229,50000
741,70,1000,29,35,15.8500,0.024373,1.204832,50000
742,71,1000,19,35,16.5000,0.024251,1.348735,50000
743,72,1000,27,35,17.3000,0.024130,1.688788,50000
744,73,1000,1,35,16.6000,0.024009,1.612629,50000
745,74,1000,15,35,17.1500,0.023889,1.646983,50000
746,75,1000,17,35,17.2000,0.023769,1.238560,50000
747,76,1000,22,35,17.2000,0.023651,1.624867,50000
748,77,1000,18,35,17.3000,0.023532,1.231204,50000
749,78,1000,10,35,16.4000,0.023415,1.325810,50000
750,79,1000,8,35,15.6000,0.023298,1.505202,50000
751,80,1000,33,35,16.7000,0.023181,1.122759,50000
752,81,1000,28,35,17.0000,0.023065,1.369541,50000
753,82,1000,18,35,17.3500,0.022950,1.299166,50000
754,83,1000,30,35,18.3000,0.022835,1.135692,50000
755,84,1000,22,35,18.1500,0.022721,1.637245,50000
756,85,1000,21,35,18.9500,0.022607,1.578056,50000
757,86,1000,40,40,20.9000,0.022494,1.207863,50000
758,87,1000,23,40,20.3000,0.022382,1.539909,50000
759,88,1000,20,40,20.3500,0.022270,1.241462,50000
760,89,1000,8,40,20.4500,0.022159,1.632038,50000
761,90,1000,17,40,19.8500,0.022048,1.508357,50000
762,91,1000,20,40,19.9000,0.021938,1.288940,50000
763,92,1000,15,40,19.3000,0.021828,1.497379,50000
764,93,1000,32,40,20.8500,0.021719,1.606950,50000
765,94,1000,17,40,20.9500,0.021610,1.230656,50000
766,95,1000,17,40,20.9500,0.021502,1.444939,50000
767,96,1000,16,40,20.6500,0.021395,1.336910,50000
768,97,1000,25,40,21.0000,0.021288,1.727229,50000
769,98,1000,1,40,20.5500,0.021181,1.333448,50000
770,99,1000,18,40,21.0500,0.021075,1.473016,50000
771,100,1000,20,40,20.4000,0.020970,1.340722,50000
772,101,1000,13,40,19.6500,0.020865,1.366284,50000
773,102,1000,14,40,19.4500,0.020761,1.591654,50000
774,103,1000,2,40,18.0500,0.020657,1.766781,50000
775,104,1000,10,40,17.4500,0.020554,1.386091,50000
776,105,1000,27,40,17.7500,0.020451,1.415038,50000
777,106,1000,25,40,17.0000,0.020349,2.014332,50000
778,107,1000,10,40,16.3500,0.020247,2.282894,50000
779,108,1000,31,40,16.9000,0.020146,1.560390,50000
780,109,1000,19,40,17.4500,0.020045,1.444366,50000
781,110,1000,4,40,16.8000,0.019945,1.371161,50000
782,111,1000,4,40,16.0000,0.019845,1.414723,50000
783,112,1000,3,40,15.4000,0.019746,1.499417,50000
784,113,1000,27,40,15.1500,0.019647,1.663074,50000
785,114,1000,34,40,16.0000,0.019549,1.374438,50000
786,115,1000,22,40,16.2500,0.019451,1.401341,50000
787,116,1000,10,40,15.9500,0.019354,1.242156,50000
788,117,1000,9,40,15.1500,0.019257,1.356643,50000
789,118,1000,16,40,15.9000,0.019161,1.062299,50000
790,119,1000,35,40,16.7500,0.019065,1.400044,50000
791,120,1000,15,40,16.5000,0.018970,1.349978,50000
792,121,1000,22,40,16.9500,0.018875,1.313504,50000
793,122,1000,20,40,17.2500,0.018780,1.499548,50000
794,123,1000,12,40,17.7500,0.018686,1.245906,50000
795,124,1000,16,40,18.0500,0.018593,1.429463,50000
796,125,1000,6,40,17.0000,0.018500,1.883720,50000
797,126,1000,20,40,16.7500,0.018408,1.547866,50000
798,127,1000,27,40,17.6000,0.018315,1.775822,50000
799,128,1000,14,40,16.7500,0.018224,1.602593,50000
800,129,1000,33,40,17.4500,0.018133,1.387491,50000
801,130,1000,6,40,17.5500,0.018042,1.612557,50000
802,131,1000,16,40,18.1500,0.017952,1.177125,50000
803,132,1000,14,40,18.7000,0.017862,1.566196,50000
804,133,1000,20,40,18.3500,0.017773,1.548163,50000
805,134,1000,18,40,17.5500,0.017684,1.208950,50000
806,135,1000,2,40,16.5500,0.017596,1.607983,50000
807,136,1000,10,40,16.5500,0.017508,1.210063,50000
808,137,1000,34,40,17.8000,0.017420,1.279521,50000
809,138,1000,20,40,18.0000,0.017333,1.345650,50000
810,139,1000,12,40,16.8500,0.017246,1.285480,50000
811,140,1000,19,40,17.0500,0.017160,1.632365,50000
812,141,1000,8,40,16.3500,0.017074,1.106229,50000
813,142,1000,25,40,16.6000,0.016989,1.681749,50000
814,143,1000,17,40,16.8500,0.016904,1.287724,50000
815,144,1000,32,40,17.6500,0.016819,1.519421,50000
816,145,1000,16,40,18.1500,0.016735,1.325269,50000
817,146,1000,1,40,17.2000,0.016652,1.477233,50000
818,147,1000,15,40,16.6000,0.016568,1.509027,50000
819,148,1000,16,40,16.7000,0.016486,1.373029,50000
820,149,1000,30,40,16.5500,0.016403,1.865934,50000
821,150,1000,23,40,17.4000,0.016321,1.284789,50000
822,151,1000,23,40,17.7500,0.016239,1.708901,50000
823,152,1000,11,40,17.6000,0.016158,1.144038,50000
824,153,1000,7,40,16.9500,0.016078,1.291234,50000
825,154,1000,11,40,16.6000,0.015997,1.308855,50000
826,155,1000,27,40,17.8500,0.015917,1.309474,50000
827,156,1000,25,40,18.6000,0.015838,1.329765,50000
828,157,1000,14,40,17.6000,0.015758,1.249814,50000
829,158,1000,11,40,17.1500,0.015680,1.153553,50000
830,159,1000,15,40,17.3000,0.015601,1.185433,50000
831,160,1000,27,40,17.7000,0.015523,1.395341,50000
832,161,1000,17,40,18.1500,0.015446,1.215175,50000
833,162,1000,11,40,17.4500,0.015368,1.496721,50000
834,163,1000,22,40,17.7000,0.015291,1.415243,50000
835,164,1000,16,40,16.9000,0.015215,1.103041,50000
836,165,1000,28,40,17.5000,0.015139,1.154413,50000
837,166,1000,8,40,17.8500,0.015063,1.073648,50000
838,167,1000,17,40,17.9500,0.014988,1.426880,50000
839,168,1000,10,40,17.6500,0.014913,1.165866,50000
840,169,1000,30,40,17.6500,0.014838,1.170467,50000
841,170,1000,15,40,17.2500,0.014764,1.170581,50000
842,171,1000,22,40,17.2000,0.014690,1.126545,50000
843,172,1000,29,40,18.1000,0.014617,1.158936,50000
844,173,1000,22,40,18.8500,0.014544,1.340176,50000
845,174,1000,17,40,19.1500,0.014471,1.287377,50000
846,175,1000,18,40,18.7000,0.014399,1.039732,50000
847,176,1000,14,40,18.1500,0.014327,1.458439,50000
848,177,1000,22,40,18.5500,0.014255,1.408665,50000
849,178,1000,19,40,18.9500,0.014184,1.406223,50000
850,179,1000,18,40,19.1000,0.014113,1.396429,50000
851,180,1000,19,40,18.7000,0.014042,1.728837,50000
852,181,1000,37,40,19.7000,0.013972,1.297918,50000
853,182,1000,16,40,19.9500,0.013902,1.374490,50000
854,183,1000,30,40,20.3500,0.013833,1.866171,50000
855,184,1000,19,40,20.5000,0.013764,1.279129,50000
856,185,1000,22,40,20.2000,0.013695,1.275692,50000
857,186,1000,23,40,20.9500,0.013626,1.220057,50000
858,187,1000,25,40,21.3500,0.013558,1.073115,50000
859,188,1000,24,40,22.0500,0.013490,1.202637,50000
860,189,1000,10,40,21.0500,0.013423,1.543848,50000
861,190,1000,22,40,21.4000,0.013356,1.396070,50000
862,191,1000,26,40,21.6000,0.013289,1.375209,50000
863,192,1000,29,40,21.6000,0.013223,1.317334,50000
864,193,1000,16,40,21.3000,0.013157,1.333367,50000
865,194,1000,18,40,21.3500,0.013091,1.408041,50000
866,195,1000,25,40,21.7000,0.013025,1.190716,50000
867,196,1000,19,40,21.9500,0.012960,1.177016,50000
868,197,1000,12,40,21.4500,0.012895,1.446773,50000
869,198,1000,13,40,21.1500,0.012831,1.299125,50000
870,199,1000,12,40,20.8500,0.012767,1.175583,50000
871,200,1000,40,40,21.9000,0.012703,1.259271,50000
872,201,1000,12,40,20.6500,0.012639,0.991465,50000
873,202,1000,33,40,21.5000,0.012576,1.210356,50000
874,203,1000,26,40,21.3000,0.012513,1.097374,50000
875,204,1000,9,40,20.8000,0.012451,1.211833,50000
876,205,1000,25,40,20.9500,0.012389,1.190790,50000
877,206,1000,24,40,21.0000,0.012327,1.353717,50000
878,207,1000,37,40,21.6000,0.012265,1.390155,50000
879,208,1000,25,40,21.6500,0.012204,1.218724,50000
880,209,1000,13,40,21.8000,0.012143,1.493121,50000
881,210,1000,24,40,21.9000,0.012082,1.008429,50000
882,211,1000,12,40,21.2000,0.012021,1.375487,50000
883,212,1000,36,40,21.5500,0.011961,1.582821,50000
884,213,1000,21,40,21.8000,0.011902,1.295607,50000
885,214,1000,13,40,21.5500,0.011842,1.048442,50000
886,215,1000,9,40,20.7500,0.011783,1.167446,50000
887,216,1000,22,40,20.9000,0.011724,1.175542,50000
888,217,1000,17,40,21.1500,0.011665,1.475736,50000
889,218,1000,20,40,21.5000,0.011607,1.283152,50000
890,219,1000,15,40,21.6500,0.011549,1.466552,50000
891,220,1000,14,40,20.3500,0.011491,1.098402,50000
892,221,1000,19,40,20.7000,0.011434,1.561638,50000
893,222,1000,25,40,20.3000,0.011377,1.430979,50000
894,223,1000,9,40,19.4500,0.011320,1.273864,50000
895,224,1000,24,40,20.2000,0.011263,1.206787,50000
896,225,1000,17,40,19.8000,0.011207,1.021775,50000
898,1,1000,10,40,10.0000,0.011095,1.281846,50000
899,2,1000,1,40,5.5000,0.011040,1.226636,50000
900,3,1000,21,40,10.6667,0.010984,1.283773,50000
901,4,1000,24,40,14.0000,0.010929,1.213545,50000
902,5,1000,11,40,13.4000,0.010875,1.273221,50000
904,1,1000,12,40,12.0000,0.010766,1.123772,50000
905,2,1000,23,40,17.5000,0.010712,1.151972,50000
906,3,1000,19,40,18.0000,0.010659,0.979091,50000
907,4,1000,18,40,18.0000,0.010606,1.244175,50000
908,5,1000,8,40,16.0000,0.010553,1.459038,50000
909,6,1000,19,40,16.5000,0.010500,1.212465,50000
910,7,1000,32,40,18.7143,0.010447,1.045222,50000
911,8,1000,14,40,18.1250,0.010395,1.305688,50000
912,9,1000,12,40,17.4444,0.010343,1.204894,50000
913,10,1000,23,40,18.0000,0.010291,1.072115,50000
914,11,1000,16,40,17.8182,0.010240,1.113755,50000
915,12,1000,9,40,17.0833,0.010189,1.060265,50000
916,13,1000,12,40,16.6923,0.010138,1.140815,50000
917,14,1000,44,44,18.6429,0.010087,0.978203,50000
918,15,1000,26,44,19.1333,0.010037,1.129067,50000
919,16,1000,20,44,19.1875,0.010000,1.391124,50000
920,17,1000,36,44,20.1765,0.010000,1.143325,50000
921,18,1000,11,44,19.6667,0.010000,0.983785,50000
922,19,1000,15,44,19.4211,0.010000,1.470071,50000
923,20,1000,18,44,19.3500,0.010000,1.024560,50000
924,21,1000,22,44,19.8500,0.010000,1.049654,50000
925,22,1000,25,44,19.9500,0.010000,1.256210,50000
926,23,1000,28,44,20.4000,0.010000,1.545495,50000
927,24,1000,29,44,20.9500,0.010000,1.219399,50000
928,25,1000,22,44,21.6500,0.010000,0.872342,50000
929,26,1000,14,44,21.4000,0.010000,1.235537,50000
930,27,1000,26,44,21.1000,0.010000,1.379897,50000
931,28,1000,7,44,20.7500,0.010000,1.047603,50000
932,29,1000,13,44,20.8000,0.010000,1.005821,50000
933,30,1000,26,44,20.9500,0.010000,1.147299,50000
934,31,1000,20,44,21.1500,0.010000,1.036952,50000
935,32,1000,9,44,21.1500,0.010000,1.003868,50000
936,33,1000,18,44,21.4500,0.010000,1.332093,50000
937,34,1000,23,44,20.4000,0.010000,0.995114,50000
938,35,1000,18,44,20.0000,0.010000,1.324076,50000
939,36,1000,16,44,19.8000,0.010000,1.456106,50000
940,37,1000,16,44,18.8000,0.010000,1.132604,50000
941,38,1000,19,44,19.2000,0.010000,1.153957,50000
942,39,1000,19,44,19.4000,0.010000,1.232151,50000
943,40,1000,24,44,19.7000,0.010000,1.253264,50000
944,41,1000,3,44,18.7500,0.010000,1.157584,50000
945,42,1000,21,44,18.5500,0.010000,1.167132,50000
946,43,1000,10,44,17.6500,0.010000,0.955290,50000
947,44,1000,7,44,16.5500,0.010000,0.928766,50000
948,45,1000,27,44,16.8000,0.010000,1.139521,50000
949,46,1000,27,44,17.4500,0.010000,1.067222,50000
950,47,1000,5,44,16.4000,0.010000,1.205684,50000
951,48,1000,12,44,16.6500,0.010000,1.237420,50000
952,49,1000,30,44,17.5000,0.010000,1.001555,50000
953,50,1000,14,44,16.9000,0.010000,1.065385,50000
954,51,1000,11,44,16.4500,0.010000,1.368634,50000
955,52,1000,20,44,17.0000,0.010000,1.180896,50000
956,53,1000,7,44,16.4500,0.010000,1.004000,50000
957,54,1000,31,44,16.8500,0.010000,1.071730,50000
958,55,1000,36,44,17.7500,0.010000,1.299446,50000
959,56,1000,22,44,18.0500,0.010000,1.355388,50000
960,57,1000,6,44,17.5500,0.010000,1.176322,50000
961,58,1000,20,44,17.6000,0.010000,1.063148,50000
962,59,1000,16,44,17.4500,0.010000,1.114668,50000
963,60,1000,11,44,16.8000,0.010000,1.246863,50000
964,61,1000,6,44,16.9500,0.010000,1.315251,50000
965,62,1000,27,44,17.2500,0.010000,1.156600,50000
966,63,1000,37,44,18.6000,0.010000,1.064833,50000
967,64,1000,8,44,18.6500,0.010000,1.238854,50000
968,65,1000,25,44,18.5500,0.010000,0.993818,50000
969,66,1000,20,44,18.2000,0.010000,0.898412,50000
970,67,1000,26,44,19.2500,0.010000,1.419431,50000
971,68,1000,4,44,18.8500,0.010000,0.984948,50000
972,69,1000,23,44,18.5000,0.010000,1.165480,50000
973,70,1000,23,44,18.9500,0.010000,1.096467,50000
974,71,1000,11,44,18.9500,0.010000,1.066915,50000
975,72,1000,20,44,18.9500,0.010000,1.280324,50000
976,73,1000,16,44,19.4000,0.010000,1.192567,50000
977,74,1000,15,44,18.6000,0.010000,1.156621,50000
978,75,1000,14,44,17.5000,0.010000,1.276123,50000
979,76,1000,22,44,17.5000,0.010000,1.464112,50000
980,77,1000,7,44,17.5500,0.010000,1.130365,50000
981,78,1000,14,44,17.2500,0.010000,1.108963,50000
982,79,1000,18,44,17.3500,0.010000,1.145386,50000
983,80,1000,16,44,17.6000,0.010000,1.186138,50000
984,81,1000,29,44,18.7500,0.010000,1.548481,50000
985,82,1000,23,44,18.5500,0.010000,1.232453,50000
986,83,1000,29,44,18.1500,0.010000,1.193647,50000
987,84,1000,29,44,19.2000,0.010000,1.470862,50000
988,85,1000,29,44,19.4000,0.010000,1.111594,50000
989,86,1000,8,44,18.8000,0.010000,0.826534,50000
990,87,1000,26,44,18.8000,0.010000,0.922860,50000
991,88,1000,19,44,19.5500,0.010000,0.891421,50000
992,89,1000,25,44,19.6500,0.010000,1.308131,50000
993,90,1000,18,44,19.4000,0.010000,0.956276,50000
994,91,1000,12,44,19.4500,0.010000,1.176108,50000
995,92,1000,13,44,19.1000,0.010000,1.043501,50000
996,93,1000,13,44,18.9500,0.010000,1.175058,50000
997,94,1000,29,44,19.6500,0.010000,1.103862,50000
998,95,1000,27,44,20.3000,0.010000,1.150137,50000
999,96,1000,15,44,19.9500,0.010000,1.294943,50000
1000,97,1000,28,44,21.0000,0.010000,1.362911,50000
1001,98,1000,29,44,21.7500,0.010000,1.693918,50000
1002,99,1000,31,44,22.4000,0.010000,1.301990,50000
1003,100,1000,20,44,22.6000,0.010000,1.144198,50000
1004,101,1000,38,44,23.0500,0.010000,1.126518,50000
1005,102,1000,8,44,22.3000,0.010000,1.137396,50000
1006,103,1000,18,44,21.7500,0.010000,1.165172,50000
1007,104,1000,17,44,21.1500,0.010000,1.174845,50000
1008,105,1000,24,44,20.9000,0.010000,1.079272,50000
1009,106,1000,18,44,21.4000,0.010000,1.633177,50000
1010,107,1000,23,44,21.2500,0.010000,1.130530,50000
1011,108,1000,25,44,21.5500,0.010000,1.189783,50000
1012,109,1000,11,44,20.8500,0.010000,1.050266,50000
1013,110,1000,15,44,20.7000,0.010000,1.444520,50000
1014,111,1000,23,44,21.2500,0.010000,1.062320,50000
1015,112,1000,20,44,21.6000,0.010000,0.949093,50000
1016,113,1000,21,44,22.0000,0.010000,1.218272,50000
1017,114,1000,21,44,21.6000,0.010000,0.978252,50000
1018,115,1000,28,44,21.6500,0.010000,0.840773,50000
1019,116,1000,21,44,21.9500,0.010000,1.175874,50000
1020,117,1000,27,44,21.9000,0.010000,1.123593,50000
1021,118,1000,23,44,21.6000,0.010000,1.364346,50000
1022,119,1000,8,44,20.4500,0.010000,0.979109,50000
1023,120,1000,16,44,20.2500,0.010000,1.049576,50000
1024,121,1000,10,44,18.8500,0.010000,1.099564,50000
1025,122,1000,8,44,18.8500,0.010000,1.045485,50000
1026,123,1000,10,44,18.4500,0.010000,0.989350,50000
1027,124,1000,13,44,18.2500,0.010000,1.084928,50000
1028,125,1000,28,44,18.4500,0.010000,1.155507,50000
1029,126,1000,34,44,19.2500,0.010000,1.106341,50000
1030,127,1000,26,44,19.4000,0.010000,1.203509,50000
1031,128,1000,27,44,19.5000,0.010000,1.133565,50000
1032,129,1000,32,44,20.5500,0.010000,1.214213,50000
1033,130,1000,5,44,20.0500,0.010000,1.263391,50000
1034,131,1000,11,44,19.4500,0.010000,1.510141,50000
1035,132,1000,7,44,18.8000,0.010000,1.107829,50000
1036,133,1000,24,44,18.9500,0.010000,1.153736,50000
1037,134,1000,0,44,17.9000,0.010000,1.116406,50000
1038,135,1000,41,44,18.5500,0.010000,1.176303,50000
1039,136,1000,18,44,18.4000,0.010000,1.173798,50000
1040,137,1000,15,44,17.8000,0.010000,1.080071,50000
1041,138,1000,21,44,17.7000,0.010000,0.999963,50000
1042,139,1000,26,44,18.6000,0.010000,1.214773,50000
1043,140,1000,9,44,18.2500,0.010000,1.129619,50000
1044,141,1000,23,44,18.9000,0.010000,1.255706,50000
1045,142,1000,21,44,19.5500,0.010000,0.977040,50000
1046,143,1000,30,44,20.5500,0.010000,1.300882,50000
1047,144,1000,31,44,21.4500,0.010000,1.174715,50000
1048,145,1000,23,44,21.2000,0.010000,0.955481,50000
1049,146,1000,29,44,20.9500,0.010000,0.971032,50000
1050,147,1000,18,44,20.5500,0.010000,1.122275,50000
1051,148,1000,24,44,20.4000,0.010000,1.185139,50000
1052,149,1000,32,44,20.4000,0.010000,1.247343,50000
1053,150,1000,9,44,20.6000,0.010000,1.132377,50000
1054,151,1000,26,44,21.3500,0.010000,1.178318,50000
1055,152,1000,16,44,21.8000,0.010000,1.331779,50000
1056,153,1000,28,44,22.0000,0.010000,0.975897,50000
1057,154,1000,4,44,22.2000,0.010000,1.124370,50000
1058,155,1000,21,44,21.2000,0.010000,1.289211,50000
1059,156,1000,8,44,20.7000,0.010000,1.505019,50000
1060,157,1000,25,44,21.2000,0.010000,1.183416,50000
1061,158,1000,1,44,20.2000,0.010000,0.951465,50000
1062,159,1000,26,44,20.2000,0.010000,0.968516,50000
1063,160,1000,28,44,21.1500,0.010000,0.963264,50000
1064,161,1000,18,44,20.9000,0.010000,1.378569,50000
1065,162,1000,30,44,21.3500,0.010000,1.300168,50000
1066,163,1000,31,44,21.4000,0.010000,1.039634,50000
1067,164,1000,17,44,20.7000,0.010000,1.175445,50000
1068,165,1000,19,44,20.5000,0.010000,1.373230,50000
1069,166,1000,27,44,20.4000,0.010000,1.077783,50000
1070,167,1000,20,44,20.5000,0.010000,1.049107,50000
1071,168,1000,18,44,20.2000,0.010000,1.071580,50000
1072,169,1000,17,44,19.4500,0.010000,1.141362,50000
1073,170,1000,29,44,20.4500,0.010000,1.198242,50000
1074,171,1000,12,44,19.7500,0.010000,1.334129,50000
1075,172,1000,19,44,19.9000,0.010000,0.999955,50000
1076,173,1000,19,44,19.4500,0.010000,1.049193,50000
1077,174,1000,10,44,19.7500,0.010000,1.027261,50000
1078,175,1000,17,44,19.5500,0.010000,1.438953,50000
1079,176,1000,13,44,19.8000,0.010000,1.054671,50000
1080,177,1000,18,44,19.4500,0.010000,1.325360,50000
1081,178,1000,25,44,20.6500,0.010000,1.288827,50000
1082,179,1000,18,44,20.2500,0.010000,0.900378,50000
1083,180,1000,15,44,19.6000,0.010000,1.200091,50000
1084,181,1000,25,44,19.9500,0.010000,1.273688,50000
1085,182,1000,14,44,19.1500,0.010000,1.266283,50000
1086,183,1000,24,44,18.8000,0.010000,1.108509,50000
1087,184,1000,7,44,18.3000,0.010000,1.122645,50000
1088,185,1000,15,44,18.1000,0.010000,1.407635,50000
1089,186,1000,16,44,17.5500,0.010000,1.030001,50000
1090,187,1000,22,44,17.6500,0.010000,0.977773,50000
1091,188,1000,29,44,18.2000,0.010000,1.058683,50000
1092,189,1000,20,44,18.3500,0.010000,1.393585,50000
1093,190,1000,18,44,17.8000,0.010000,1.046382,50000
1094,191,1000,13,44,17.8500,0.010000,1.407861,50000
1095,192,1000,12,44,17.5000,0.010000,0.931024,50000
1096,193,1000,4,44,16.7500,0.010000,1.146343,50000
1097,194,1000,31,44,17.8000,0.010000,1.329941,50000
1098,195,1000,21,44,18.0000,0.010000,1.115286,50000
1099,196,1000,32,44,18.9500,0.010000,1.075392,50000
1100,197,1000,3,44,18.2000,0.010000,1.156894,50000
1101,198,1000,23,44,18.1000,0.010000,0.902618,50000
1102,199,1000,25,44,18.4500,0.010000,0.987260,50000
1103,200,1000,31,44,19.2500,0.010000,1.200309,50000
1104,201,1000,25,44,19.2500,0.010000,1.374043,50000
1105,202,1000,25,44,19.8000,0.010000,1.274653,50000
1106,203,1000,24,44,19.8000,0.010000,0.982298,50000
1107,204,1000,26,44,20.7500,0.010000,0.819206,50000
1108,205,1000,16,44,20.8000,0.010000,0.951509,50000
1109,206,1000,21,44,21.0500,0.010000,0.931410,50000
1110,207,1000,48,48,22.3500,0.010000,0.980299,50000
1111,208,1000,19,48,21.8500,0.010000,1.239954,50000
1112,209,1000,25,48,22.1000,0.010000,1.196523,50000
1113,210,1000,16,48,22.0000,0.010000,1.248435,50000
1114,211,1000,20,48,22.3500,0.010000,0.924897,50000
1115,212,1000,23,48,22.9000,0.010000,1.092367,50000
1116,213,1000,18,48,23.6000,0.010000,0.972401,50000
1117,214,1000,13,48,22.7000,0.010000,1.143113,50000
1118,215,1000,23,48,22.8000,0.010000,1.165563,50000
1119,216,1000,23,48,22.3500,0.010000,0.967871,50000
1120,217,1000,4,48,22.4000,0.010000,1.019226,50000
1121,218,1000,17,48,22.1000,0.010000,0.834927,50000
1122,219,1000,18,48,21.7500,0.010000,1.370266,50000
1123,220,1000,1,48,20.2500,0.010000,0.945039,50000
1124,221,1000,29,48,20.4500,0.010000,0.960427,50000
1125,222,1000,30,48,20.7000,0.010000,1.164636,50000
1126,223,1000,28,48,20.9000,0.010000,1.119244,50000
1127,224,1000,10,48,20.1000,0.010000,0.939096,50000
1128,225,1000,33,48,20.9500,0.010000,1.089989,50000
1129,226,1000,12,48,20.5000,0.010000,1.148269,50000
1130,227,1000,13,48,18.7500,0.010000,1.052150,50000
1131,228,1000,25,48,19.0500,0.010000,1.011220,50000
1132,229,1000,15,48,18.5500,0.010000,1.103379,50000
1133,230,1000,19,48,18.7000,0.010000,1.077532,50000
1134,231,1000,25,48,18.9500,0.010000,1.369066,50000
1135,232,1000,17,48,18.6500,0.010000,1.182043,50000
1136,233,1000,25,48,19.0000,0.010000,1.072477,50000
1137,234,1000,34,48,20.0500,0.010000,1.083046,50000
1138,235,1000,26,48,20.2000,0.010000,1.139533,50000
1139,236,1000,29,48,20.5000,0.010000,1.303730,50000
1140,237,1000,24,48,21.5000,0.010000,1.098618,50000
1141,238,1000,26,48,21.9500,0.010000,1.282261,50000
1142,239,1000,27,48,22.4000,0.010000,1.065270,50000
1143,240,1000,25,48,23.6000,0.010000,1.039573,50000
1144,241,1000,11,48,22.7000,0.010000,0.968525,50000
1145,242,1000,30,48,22.7000,0.010000,1.106120,50000
1146,243,1000,22,48,22.4000,0.010000,1.158311,50000
1147,244,1000,6,48,22.2000,0.010000,1.086834,50000
1148,245,1000,30,48,22.0500,0.010000,1.342347,50000
1149,246,1000,29,48,22.9000,0.010000,1.091499,50000
1150,247,1000,25,48,23.5000,0.010000,1.070207,50000
1151,248,1000,19,48,23.2000,0.010000,1.415697,50000
1152,249,1000,31,48,24.0000,0.010000,1.203289,50000
1153,250,1000,13,48,23.7000,0.010000,1.088986,50000
1154,251,1000,18,48,23.3500,0.010000,1.181959,50000
1155,252,1000,19,48,23.4500,0.010000,1.313856,50000
1156,253,1000,15,48,22.9500,0.010000,1.130960,50000
1157,254,1000,22,48,22.3500,0.010000,0.921930,50000
1158,255,1000,12,48,21.6500,0.010000,1.005447,50000
1159,256,1000,18,48,21.1000,0.010000,0.963392,50000
1160,257,1000,21,48,20.9500,0.010000,1.062357,50000
1161,258,1000,11,48,20.2000,0.010000,1.262921,50000
1162,259,1000,10,48,19.3500,0.010000,1.130109,50000
1163,260,1000,22,48,19.2000,0.010000,1.176965,50000
1164,261,1000,27,48,20.0000,0.010000,1.110119,50000
1165,262,1000,1,48,18.5500,0.010000,1.081076,50000
1166,263,1000,25,48,18.7000,0.010000,1.058141,50000
1167,264,1000,16,48,19.2000,0.010000,1.015272,50000
1168,265,1000,24,48,18.9000,0.010000,1.119299,50000
1169,266,1000,23,48,18.6000,0.010000,1.153046,50000
1170,267,1000,13,48,18.0000,0.010000,1.205850,50000
1171,268,1000,6,48,17.3500,0.010000,1.070849,50000
1172,269,1000,15,48,16.5500,0.010000,1.129924,50000
1173,270,1000,17,48,16.7500,0.010000,0.964756,50000
1174,271,1000,18,48,16.7500,0.010000,1.022145,50000
1175,272,1000,24,48,17.0000,0.010000,1.323646,50000
1176,273,1000,27,48,17.6000,0.010000,1.167991,50000
1177,274,1000,34,48,18.2000,0.010000,1.070416,50000
1178,275,1000,16,48,18.4000,0.010000,0.945751,50000
1179,276,1000,15,48,18.2500,0.010000,1.268867,50000
1180,277,1000,23,48,18.3500,0.010000,1.123014,50000
1181,278,1000,12,48,18.4000,0.010000,1.080326,50000
1182,279,1000,17,48,18.7500,0.010000,1.125632,50000
1183,280,1000,20,48,18.6500,0.010000,1.203325,50000
1184,281,1000,26,48,18.6000,0.010000,1.066243,50000
1185,282,1000,11,48,19.1000,0.010000,1.091212,50000
1186,283,1000,38,48,19.7500,0.010000,1.381204,50000
1187,284,1000,22,48,20.0500,0.010000,1.029424,50000
1188,285,1000,14,48,19.5500,0.010000,1.143015,50000
1189,286,1000,24,48,19.6000,0.010000,0.935335,50000
1190,287,1000,24,48,20.1500,0.010000,0.764150,50000
1191,288,1000,29,48,21.3000,0.010000,1.164737,50000
1192,289,1000,23,48,21.7000,0.010000,0.897581,50000
1193,290,1000,26,48,22.1500,0.010000,1.024882,50000
1194,291,1000,27,48,22.6000,0.010000,1.188582,50000
1195,292,1000,26,48,22.7000,0.010000,1.079167,50000
1196,293,1000,24,48,22.5500,0.010000,1.148018,50000
1197,294,1000,26,48,22.1500,0.010000,1.001952,50000
1198,295,1000,21,48,22.4000,0.010000,1.036649,50000
1199,296,1000,14,48,22.3500,0.010000,0.850414,50000
1200,297,1000,10,48,21.7000,0.010000,0.903222,50000
1201,298,1000,13,48,21.7500,0.010000,1.051985,50000
1202,299,1000,27,48,22.2500,0.010000,1.161944,50000
1203,300,1000,15,48,22.0000,0.010000,0.902890,50000
1204,301,1000,8,48,21.1000,0.010000,1.010106,50000
1205,302,1000,13,48,21.2000,0.010000,1.255254,50000
1206,303,1000,23,48,20.4500,0.010000,1.037099,50000
1207,304,1000,35,48,21.1000,0.010000,0.949303,50000
1208,305,1000,18,48,21.3000,0.010000,0.893515,50000
1209,306,1000,16,48,20.9000,0.010000,1.009208,50000
1210,307,1000,19,48,20.6500,0.010000,0.735070,50000
1211,308,1000,14,48,19.9000,0.010000,1.154266,50000
1212,309,1000,7,48,19.1000,0.010000,1.318699,50000
1213,310,1000,26,48,19.1000,0.010000,1.129531,50000
1214,311,1000,21,48,18.8000,0.010000,1.182770,50000
1215,312,1000,29,48,18.9500,0.010000,1.006372,50000
1216,313,1000,11,48,18.3000,0.010000,0.918198,50000
1217,314,1000,11,48,17.5500,0.010000,1.295243,50000
1218,315,1000,12,48,17.1000,0.010000,0.839397,50000
1219,316,1000,28,48,17.8000,0.010000,1.360951,50000
1220,317,1000,17,48,18.1500,0.010000,1.012920,50000
1221,318,1000,12,48,18.1000,0.010000,1.023829,50000
1222,319,1000,6,48,17.0500,0.010000,0.944561,50000
1223,320,1000,30,48,17.8000,0.010000,1.018498,50000
1224,321,1000,11,48,17.9500,0.010000,1.262460,50000
1225,322,1000,23,48,18.4500,0.010000,1.210805,50000
1226,323,1000,23,48,18.4500,0.010000,1.072156,50000
1227,324,1000,21,48,17.7500,0.010000,1.192467,50000
1228,325,1000,27,48,18.2000,0.010000,0.910670,50000
1229,326,1000,37,48,19.2500,0.010000,1.182635,50000
1230,327,1000,11,48,18.8500,0.010000,1.326925,50000
1231,328,1000,12,48,18.7500,0.010000,1.198604,50000
1232,329,1000,27,48,19.7500,0.010000,0.965324,50000
1233,330,1000,16,48,19.2500,0.010000,1.021333,50000
1234,331,1000,19,48,19.1500,0.010000,1.244700,50000
1235,332,1000,29,48,19.1500,0.010000,1.049285,50000
1236,333,1000,26,48,19.9000,0.010000,1.140041,50000
1237,334,1000,19,48,20.3000,0.010000,1.170875,50000
1238,335,1000,23,48,20.8500,0.010000,0.906659,50000
1239,336,1000,21,48,20.5000,0.010000,1.188370,50000
1240,337,1000,10,48,20.1500,0.010000,0.895722,50000
1241,338,1000,33,48,21.2000,0.010000,0.932091,50000
1242,339,1000,14,48,21.6000,0.010000,1.059819,50000
1243,340,1000,18,48,21.0000,0.010000,1.168881,50000
1244,341,1000,16,48,21.2500,0.010000,0.994185,50000
1245,342,1000,16,48,20.9000,0.010000,1.281481,50000
1246,343,1000,3,48,19.9000,0.010000,1.043785,50000
1247,344,1000,18,48,19.7500,0.010000,0.888812,50000
1248,345,1000,38,48,20.3000,0.010000,1.279638,50000
1249,346,1000,13,48,19.1000,0.010000,1.267203,50000
1250,347,1000,19,48,19.5000,0.010000,1.124171,50000
1251,348,1000,20,48,19.9000,0.010000,1.095502,50000
1252,349,1000,18,48,19.4500,0.010000,1.138599,50000
1253,350,1000,23,48,19.8000,0.010000,1.455039,50000
1254,351,1000,11,48,19.4000,0.010000,1.273131,50000
1255,352,1000,17,48,18.8000,0.010000,1.129200,50000
1256,353,1000,20,48,18.5000,0.010000,1.048547,50000
1257,354,1000,24,48,18.7500,0.010000,1.411665,50000
1258,355,1000,30,48,19.1000,0.010000,0.965241,50000
1259,356,1000,29,48,19.5000,0.010000,1.274597,50000
1260,357,1000,26,48,20.3000,0.010000,1.310686,50000
1261,358,1000,6,48,18.9500,0.010000,1.257060,50000
1262,359,1000,4,48,18.4500,0.010000,0.989986,50000
1263,360,1000,25,48,18.8000,0.010000,0.993972,50000
1264,361,1000,21,48,19.0500,0.010000,1.022779,50000
1265,362,1000,29,48,19.7000,0.010000,1.265866,50000
1266,363,1000,22,48,20.6500,0.010000,0.980511,50000
1267,364,1000,8,48,20.1500,0.010000,1.115924,50000
1268,365,1000,17,48,19.1000,0.010000,1.237654,50000
1269,366,1000,17,48,19.3000,0.010000,1.134300,50000
1270,367,1000,19,48,19.3000,0.010000,1.225884,50000
1271,368,1000,12,48,18.9000,0.010000,0.989228,50000
1272,369,1000,16,48,18.8000,0.010000,0.815190,50000
1273,370,1000,5,48,17.9000,0.010000,1.113744,50000
1274,371,1000,13,48,18.0000,0.010000,1.178411,50000
1275,372,1000,18,48,18.0500,0.010000,1.151114,50000
1276,373,1000,35,48,18.8000,0.010000,1.161331,50000
1277,374,1000,6,48,17.9000,0.010000,1.061113,50000
1278,375,1000,44,48,18.6000,0.010000,0.856439,50000
1279,376,1000,20,48,18.1500,0.010000,1.323336,50000
1280,377,1000,15,48,17.6000,0.010000,1.286165,50000
1281,378,1000,27,48,18.6500,0.010000,1.215028,50000
1282,379,1000,14,48,19.1500,0.010000,1.295205,50000
1283,380,1000,8,48,18.3000,0.010000,1.007673,50000
1284,381,1000,35,48,19.0000,0.010000,0.999582,50000
1285,382,1000,18,48,18.4500,0.010000,1.118643,50000
1286,383,1000,25,48,18.6000,0.010000,0.967068,50000
1287,384,1000,18,48,19.1000,0.010000,1.194796,50000
1288,385,1000,18,48,19.1500,0.010000,1.095534,50000
1289,386,1000,14,48,19.0000,0.010000,1.098407,50000
1290,387,1000,10,48,18.5500,0.010000,1.092603,50000
1291,388,1000,12,48,18.5500,0.010000,1.070970,50000
1292,389,1000,26,48,19.0500,0.010000,1.347861,50000
1293,390,1000,12,48,19.4000,0.010000,1.273972,50000
1294,391,1000,9,48,19.2000,0.010000,1.080054,50000
1295,392,1000,26,48,19.6000,0.010000,1.117287,50000
1296,393,1000,9,48,18.3000,0.010000,1.447078,50000
1297,394,1000,12,48,18.6000,0.010000,1.378832,50000
1298,395,1000,17,48,17.2500,0.010000,0.990749,50000
1299,396,1000,13,48,16.9000,0.010000,1.094119,50000
1300,397,1000,25,48,17.4000,0.010000,1.299364,50000
1301,398,1000,14,48,16.7500,0.010000,1.521196,50000
1302,399,1000,19,48,17.0000,0.010000,1.442406,50000
1303,400,1000,9,48,17.0500,0.010000,1.732726,50000
1304,401,1000,12,48,15.9000,0.010000,1.548149,50000
1305,402,1000,3,48,15.1500,0.010000,1.461901,50000
1306,403,1000,20,48,14.9000,0.010000,1.217174,50000
1307,404,1000,11,48,14.5500,0.010000,1.142124,50000
1308,405,1000,19,48,14.6000,0.010000,1.229889,50000
1309,406,1000,31,48,15.4500,0.010000,1.134572,50000
1310,407,1000,19,48,15.9000,0.010000,1.297450,50000
1311,408,1000,15,48,16.0500,0.010000,1.359049,50000
1312,409,1000,30,48,16.2500,0.010000,1.089284,50000
1313,410,1000,28,48,17.0500,0.010000,0.863791,50000
1314,411,1000,13,48,17.2500,0.010000,1.256805,50000
1315,412,1000,16,48,16.7500,0.010000,1.012662,50000
1316,413,1000,14,48,17.0000,0.010000,0.973854,50000
1317,414,1000,10,48,16.9000,0.010000,0.974315,50000
1318,415,1000,23,48,17.2000,0.010000,1.196453,50000
1319,416,1000,14,48,17.2500,0.010000,1.006010,50000
1320,417,1000,21,48,17.0500,0.010000,1.254023,50000
1321,418,1000,18,48,17.2500,0.010000,1.113951,50000
1322,419,1000,14,48,17.0000,0.010000,1.015166,50000
1323,420,1000,28,48,17.9500,0.010000,1.121879,50000
1324,421,1000,29,48,18.8000,0.010000,1.004388,50000
1325,422,1000,14,48,19.3500,0.010000,1.382050,50000
1326,423,1000,13,48,19.0000,0.010000,1.381542,50000
1327,424,1000,16,48,19.2500,0.010000,1.283672,50000
1328,425,1000,27,48,19.6500,0.010000,1.245449,50000
1329,426,1000,29,48,19.5500,0.010000,1.131424,50000
1330,427,1000,19,48,19.5500,0.010000,1.355888,50000
1331,428,1000,16,48,19.6000,0.010000,1.144375,50000
1332,429,1000,27,48,19.4500,0.010000,0.992756,50000
1333,430,1000,18,48,18.9500,0.010000,1.277038,50000
1334,431,1000,27,48,19.6500,0.010000,1.272853,50000
1335,432,1000,24,48,20.0500,0.010000,1.370215,50000
1336,433,1000,8,48,19.7500,0.010000,1.411162,50000
1337,434,1000,26,48,20.5500,0.010000,1.575614,50000
1338,435,1000,18,48,20.3000,0.010000,1.202852,50000
1339,436,1000,15,48,20.3500,0.010000,1.344827,50000
1340,437,1000,18,48,20.2000,0.010000,1.504797,50000
1341,438,1000,14,48,20.0000,0.010000,1.628568,50000
1342,439,1000,15,48,20.0500,0.010000,1.187957,50000
1343,440,1000,19,48,19.6000,0.010000,1.253804,50000
1344,441,1000,21,48,19.2000,0.010000,1.317566,50000
1345,442,1000,23,48,19.6500,0.010000,1.371047,50000
1346,443,1000,3,48,19.1500,0.010000,1.079693,50000
1347,444,1000,16,48,19.1500,0.010000,1.470835,50000
1348,445,1000,8,48,18.2000,0.010000,1.567598,50000
1349,446,1000,26,48,18.0500,0.010000,1.054446,50000
1350,447,1000,13,48,17.7500,0.010000,1.084394,50000
1351,448,1000,17,48,17.8000,0.010000,1.311702,50000
1352,449,1000,3,48,16.6000,0.010000,1.059090,50000
1353,450,1000,13,48,16.3500,0.010000,1.288604,50000
1354,451,1000,2,48,15.1000,0.010000,1.140913,50000
1355,452,1000,5,48,14.1500,0.010000,1.349709,50000
1356,453,1000,8,48,14.1500,0.010000,1.224712,50000
1357,454,1000,29,48,14.3000,0.010000,1.646191,50000
1358,455,1000,21,48,14.4500,0.010000,1.388335,50000
1359,456,1000,16,48,14.5000,0.010000,1.439783,50000
1360,457,1000,10,48,14.1000,0.010000,1.558028,50000
1361,458,1000,19,48,14.3500,0.010000,1.377892,50000
1362,459,1000,20,48,14.6000,0.010000,1.338115,50000
1363,460,1000,5,48,13.9000,0.010000,1.412353,50000
1364,461,1000,11,48,13.4000,0.010000,1.733627,50000
1365,462,1000,11,48,12.8000,0.010000,1.095028,50000
1366,463,1000,24,48,13.8500,0.010000,1.646461,50000
1367,464,1000,18,48,13.9500,0.010000,1.324845,50000
1368,465,1000,23,48,14.7000,0.010000,1.308644,50000
1369,466,1000,24,48,14.6000,0.010000,1.165081,50000
1370,467,1000,15,48,14.7000,0.010000,1.092973,50000
1371,468,1000,26,48,15.1500,0.010000,1.246462,50000
1372,469,1000,15,48,15.7500,0.010000,1.064899,50000
1373,470,1000,11,48,15.6500,0.010000,1.093286,50000
1374,471,1000,19,48,16.5000,0.010000,1.008868,50000
1375,472,1000,19,48,17.2000,0.010000,1.086440,50000
1376,473,1000,19,48,17.7500,0.010000,1.263820,50000
1377,474,1000,18,48,17.2000,0.010000,1.136280,50000
1378,475,1000,16,48,16.9500,0.010000,1.322296,50000
1379,476,1000,17,48,17.0000,0.010000,1.126871,50000
1380,477,1000,15,48,17.2500,0.010000,1.223608,50000
1381,478,1000,13,48,16.9500,0.010000,1.515327,50000
1382,479,1000,20,48,16.9500,0.010000,1.570183,50000
1383,480,1000,10,48,17.2000,0.010000,1.249999,50000
1384,481,1000,23,48,17.8000,0.010000,1.030847,50000
1385,482,1000,13,48,17.9000,0.010000,1.525051,50000
1386,483,1000,29,48,18.1500,0.010000,1.154150,50000
1387,484,1000,11,48,17.8000,0.010000,1.117015,50000
1388,485,1000,11,48,17.2000,0.010000,1.387552,50000
1389,486,1000,34,48,17.7000,0.010000,1.197179,50000
1390,487,1000,23,48,18.1000,0.010000,0.828458,50000
1391,488,1000,9,48,17.2500,0.010000,1.521388,50000
1392,489,1000,12,48,17.1000,0.010000,1.200936,50000
1393,490,1000,14,48,17.2500,0.010000,1.267921,50000
1394,491,1000,14,48,17.0000,0.010000,1.161707,50000
1395,492,1000,19,48,17.0000,0.010000,1.127895,50000
1396,493,1000,28,48,17.4500,0.010000,1.020214,50000
1397,494,1000,26,48,17.8500,0.010000,0.968186,50000
1398,495,1000,31,48,18.6000,0.010000,1.202584,50000
1399,496,1000,12,48,18.3500,0.010000,0.924710,50000
1400,497,1000,14,48,18.3000,0.010000,1.247385,50000
1401,498,1000,7,48,18.0000,0.010000,1.186157,50000
1402,499,1000,16,48,17.8000,0.010000,1.496805,50000
1403,500,1000,15,48,18.0500,0.010000,1.338155,50000
1404,501,1000,38,48,18.8000,0.010000,1.247699,50000
1405,502,1000,23,48,19.3000,0.010000,1.145808,50000
1406,503,1000,15,48,18.6000,0.010000,1.092350,50000
1407,504,1000,13,48,18.7000,0.010000,1.184093,50000
1408,505,1000,13,48,18.8000,0.010000,0.874998,50000
1409,506,1000,11,48,17.6500,0.010000,1.122298,50000
1410,507,1000,13,48,17.1500,0.010000,1.155052,50000
1411,508,1000,31,48,18.2500,0.010000,1.157121,50000
1412,509,1000,16,48,18.4500,0.010000,1.123364,50000
1413,510,1000,23,48,18.9000,0.010000,1.233567,50000
1414,511,1000,24,48,19.4000,0.010000,1.100016,50000
1415,512,1000,30,48,19.9500,0.010000,1.006413,50000
1416,513,1000,21,48,19.6000,0.010000,1.268244,50000
1417,514,1000,23,48,19.4500,0.010000,0.973413,50000
1418,515,1000,39,48,19.8500,0.010000,0.924689,50000
1419,516,1000,18,48,20.1500,0.010000,1.164307,50000
1420,517,1000,17,48,20.3000,0.010000,1.032877,50000
1421,518,1000,11,48,20.5000,0.010000,1.179036,50000
1422,519,1000,20,48,20.7000,0.010000,1.348253,50000
1423,520,1000,15,48,20.7000,0.010000,1.330054,50000
1424,521,1000,10,48,19.3000,0.010000,1.595682,50000
1425,522,1000,13,48,18.8000,0.010000,1.292971,50000
1426,523,1000,8,48,18.4500,0.010000,1.231668,50000
1427,524,1000,17,48,18.6500,0.010000,1.464072,50000
1428,525,1000,37,48,19.8500,0.010000,0.921103,50000
1429,526,1000,17,48,20.1500,0.010000,0.880484,50000
1430,527,1000,8,48,19.9000,0.010000,1.125528,50000
1431,528,1000,8,48,18.7500,0.010000,1.434955,50000
1432,529,1000,30,48,19.4500,0.010000,1.100863,50000
1433,530,1000,17,48,19.1500,0.010000,1.078298,50000
1434,531,1000,16,48,18.7500,0.010000,1.332025,50000
1435,532,1000,30,48,18.7500,0.010000,1.389241,50000
1436,533,1000,19,48,18.6500,0.010000,1.016056,50000
1437,534,1000,22,48,18.6000,0.010000,1.184732,50000
1438,535,1000,22,48,17.7500,0.010000,1.138595,50000
1439,536,1000,27,48,18.2000,0.010000,1.074581,50000
1440,537,1000,23,48,18.5000,0.010000,0.995669,50000
1441,538,1000,18,48,18.8500,0.010000,1.134035,50000
1442,539,1000,30,48,19.3500,0.010000,1.254938,50000
1443,540,1000,25,48,19.8500,0.010000,1.050002,50000
1444,541,1000,27,48,20.7000,0.010000,1.183551,50000
1445,542,1000,16,48,20.8500,0.010000,1.176485,50000
1446,543,1000,24,48,21.6500,0.010000,1.100729,50000
1447,544,1000,21,48,21.8500,0.010000,1.110033,50000
1448,545,1000,13,48,20.6500,0.010000,1.379364,50000
1449,546,1000,13,48,20.4500,0.010000,1.371884,50000
1450,547,1000,18,48,20.9500,0.010000,1.558162,50000
1451,548,1000,29,48,22.0000,0.010000,1.256190,50000
1452,549,1000,24,48,21.7000,0.010000,0.871930,50000
1453,550,1000,11,48,21.4000,0.010000,1.459207,50000
1454,551,1000,15,48,21.3500,0.010000,1.407329,50000
1455,552,1000,23,48,21.0000,0.010000,1.259260,50000
1456,553,1000,32,48,21.6500,0.010000,1.137187,50000
1457,554,1000,4,48,20.7500,0.010000,1.189887,50000
1458,555,1000,31,48,21.2000,0.010000,1.437270,50000
1459,556,1000,20,48,20.8500,0.010000,1.311464,50000
1460,557,1000,31,48,21.2500,0.010000,1.437213,50000
1461,558,1000,31,48,21.9000,0.010000,1.102756,50000
1462,559,1000,14,48,21.1000,0.010000,0.997799,50000
1463,560,1000,18,48,20.7500,0.010000,1.116782,50000
1464,561,1000,12,48,20.0000,0.010000,1.196784,50000
1465,562,1000,23,48,20.3500,0.010000,1.453954,50000
1466,563,1000,26,48,20.4500,0.010000,1.033663,50000
1467,564,1000,35,48,21.1500,0.010000,0.995078,50000
1468,565,1000,23,48,21.6500,0.010000,0.993178,50000
1469,566,1000,16,48,21.8000,0.010000,1.152121,50000
1470,567,1000,19,48,21.8500,0.010000,1.160670,50000
1471,568,1000,31,48,21.9500,0.010000,1.100538,50000
1472,569,1000,16,48,21.5500,0.010000,1.398384,50000
1473,570,1000,34,48,22.7000,0.010000,0.939323,50000
1474,571,1000,14,48,22.6500,0.010000,1.027282,50000
1475,572,1000,23,48,22.6500,0.010000,0.999971,50000
1476,573,1000,13,48,21.7000,0.010000,1.409988,50000
1477,574,1000,31,48,23.0500,0.010000,0.996938,50000
1478,575,1000,38,48,23.4000,0.010000,0.965596,50000
1479,576,1000,23,48,23.5500,0.010000,1.309868,50000
1480,577,1000,7,48,22.3500,0.010000,1.355683,50000
1481,578,1000,27,48,22.1500,0.010000,1.318852,50000
1482,579,1000,20,48,22.4500,0.010000,0.970545,50000
1483,580,1000,13,48,22.2000,0.010000,1.150447,50000
1484,581,1000,5,48,21.8500,0.010000,1.067860,50000
1485,582,1000,7,48,21.0500,0.010000,0.827526,50000
1486,583,1000,19,48,20.7000,0.010000,1.071605,50000
1487,584,1000,12,48,19.5500,0.010000,1.040581,50000
1488,585,1000,29,48,19.8500,0.010000,0.857870,50000
1489,586,1000,14,48,19.7500,0.010000,1.242554,50000
1490,587,1000,24,48,20.0000,0.010000,1.211914,50000
1491,588,1000,20,48,19.4500,0.010000,1.394568,50000
1492,589,1000,14,48,19.3500,0.010000,1.176955,50000
1493,590,1000,16,48,18.4500,0.010000,1.204849,50000
1494,591,1000,22,48,18.8500,0.010000,1.312646,50000
1495,592,1000,26,48,19.0000,0.010000,1.349952,50000
1496,593,1000,22,48,19.4500,0.010000,1.380006,50000
1497,594,1000,16,48,18.7000,0.010000,1.358169,50000
1498,595,1000,19,48,17.7500,0.010000,1.304625,50000
1499,596,1000,34,48,18.3000,0.010000,1.246330,50000
1500,597,1000,27,48,19.3000,0.010000,1.328032,50000
1501,598,1000,23,48,19.1000,0.010000,1.141666,50000
1502,599,1000,16,48,18.9000,0.010000,1.353640,50000
1503,600,1000,15,48,19.0000,0.010000,1.017738,50000
1504,601,1000,16,48,19.5500,0.010000,1.070327,50000
1505,602,1000,34,48,20.9000,0.010000,1.150142,50000
1506,603,1000,17,48,20.8000,0.010000,1.148429,50000
1507,604,1000,37,48,22.0500,0.010000,1.153676,50000
1508,605,1000,33,48,22.2500,0.010000,1.291595,50000
1509,606,1000,23,48,22.7000,0.010000,1.071987,50000
1510,607,1000,27,48,22.8500,0.010000,1.092195,50000
1511,608,1000,12,48,22.4500,0.010000,1.042637,50000
1512,609,1000,32,48,23.3500,0.010000,1.174694,50000
1513,610,1000,1,48,22.6000,0.010000,1.060844,50000
1514,611,1000,34,48,23.2000,0.010000,1.153368,50000
1515,612,1000,31,48,23.4500,0.010000,1.315832,50000
1516,613,1000,11,48,22.9000,0.010000,1.246888,50000
1517,614,1000,16,48,22.9000,0.010000,1.330168,50000
1518,615,1000,14,48,22.6500,0.010000,1.242421,50000
1519,616,1000,20,48,21.9500,0.010000,1.099197,50000
1520,617,1000,29,48,22.0500,0.010000,1.087182,50000
1521,618,1000,14,48,21.6000,0.010000,1.074960,50000
1522,619,1000,24,48,22.0000,0.010000,1.448512,50000
1523,620,1000,9,48,21.7000,0.010000,1.237773,50000
1524,621,1000,31,48,22.4500,0.010000,1.253775,50000
1525,622,1000,19,48,21.7000,0.010000,1.645295,50000
1526,623,1000,11,48,21.4000,0.010000,1.285438,50000
1527,624,1000,19,48,20.5000,0.010000,1.357833,50000
1528,625,1000,29,48,20.3000,0.010000,1.409499,50000
1529,626,1000,12,48,19.7500,0.010000,1.203243,50000
1530,627,1000,30,48,19.9000,0.010000,1.174602,50000
1531,628,1000,31,48,20.8500,0.010000,1.067824,50000
1532,629,1000,9,48,19.7000,0.010000,1.281502,50000
1533,630,1000,15,48,20.4000,0.010000,1.374361,50000
1534,631,1000,26,48,20.0000,0.010000,1.182432,50000
1535,632,1000,8,48,18.8500,0.010000,1.759219,50000
1536,633,1000,20,48,19.3000,0.010000,1.212206,50000
1537,634,1000,15,48,19.2500,0.010000,1.132974,50000
1538,635,1000,9,48,19.0000,0.010000,1.292717,50000
1539,636,1000,9,48,18.4500,0.010000,1.250982,50000
1540,637,1000,22,48,18.1000,0.010000,1.175147,50000
1541,638,1000,19,48,18.3500,0.010000,1.191702,50000
1542,639,1000,16,48,17.9500,0.010000,1.163910,50000
1543,640,1000,17,48,18.3500,0.010000,0.958011,50000
1544,641,1000,1,48,16.8500,0.010000,1.026093,50000
1545,642,1000,11,48,16.4500,0.010000,1.253454,50000
1546,643,1000,20,48,16.9000,0.010000,1.136605,50000
1547,644,1000,22,48,17.0500,0.010000,1.014486,50000
1548,645,1000,17,48,16.4500,0.010000,1.144770,50000
1549,646,1000,8,48,16.2500,0.010000,0.899961,50000
1550,647,1000,28,48,16.1500,0.010000,1.151365,50000
1551,648,1000,19,48,15.5500,0.010000,0.907954,50000
1552,649,1000,16,48,15.9000,0.010000,0.816758,50000
1553,650,1000,19,48,16.1000,0.010000,0.983940,50000
1554,651,1000,13,48,15.4500,0.010000,1.090556,50000
1555,652,1000,22,48,16.1500,0.010000,0.973092,50000
1556,653,1000,19,48,16.1000,0.010000,1.338395,50000
1557,654,1000,14,48,16.0500,0.010000,1.400239,50000
1558,655,1000,21,48,16.6500,0.010000,0.917970,50000
1559,656,1000,18,48,17.1000,0.010000,0.892038,50000
1560,657,1000,13,48,16.6500,0.010000,1.054591,50000
1561,658,1000,21,48,16.7500,0.010000,1.281082,50000
1562,659,1000,16,48,16.7500,0.010000,1.116868,50000
1563,660,1000,17,48,16.7500,0.010000,1.352036,50000
1564,661,1000,31,48,18.2500,0.010000,1.288982,50000
1565,662,1000,23,48,18.8500,0.010000,1.024116,50000
1566,663,1000,18,48,18.7500,0.010000,1.256335,50000
1567,664,1000,17,48,18.5000,0.010000,1.086444,50000
1568,665,1000,30,48,19.1500,0.010000,1.153999,50000
1569,666,1000,33,48,20.4000,0.010000,1.178337,50000
1570,667,1000,23,48,20.1500,0.010000,0.974237,50000
1571,668,1000,17,48,20.0500,0.010000,1.096061,50000
1572,669,1000,18,48,20.1500,0.010000,1.172222,50000
1573,670,1000,26,48,20.5000,0.010000,1.293908,50000
1574,671,1000,23,48,21.0000,0.010000,0.969912,50000
1575,672,1000,20,48,20.9000,0.010000,1.235979,50000
1576,673,1000,12,48,20.5500,0.010000,1.169842,50000
1577,674,1000,16,48,20.6500,0.010000,1.263974,50000
1578,675,1000,39,48,21.5500,0.010000,0.872138,50000
1579,676,1000,31,48,22.2000,0.010000,1.180326,50000
1580,677,1000,20,48,22.5500,0.010000,1.199320,50000
1581,678,1000,9,48,21.9500,0.010000,1.092518,50000
1582,679,1000,7,48,21.5000,0.010000,0.962247,50000
1583,680,1000,21,48,21.7000,0.010000,1.031248,50000
1584,681,1000,21,48,21.2000,0.010000,0.924285,50000
1585,682,1000,27,48,21.4000,0.010000,1.114330,50000
1586,683,1000,33,48,22.1500,0.010000,1.035751,50000
1587,684,1000,17,48,22.1500,0.010000,0.984529,50000
1588,685,1000,26,48,21.9500,0.010000,1.595081,50000
1589,686,1000,16,48,21.1000,0.010000,0.831089,50000
1590,687,1000,14,48,20.6500,0.010000,1.086222,50000
1591,688,1000,22,48,20.9000,0.010000,1.138072,50000
1592,689,1000,18,48,20.9000,0.010000,1.100591,50000
1593,690,1000,22,48,20.7000,0.010000,1.137098,50000
1594,691,1000,23,48,20.7000,0.010000,1.134224,50000
1595,692,1000,13,48,20.3500,0.010000,1.195029,50000
1596,693,1000,14,48,20.4500,0.010000,1.213068,50000
1597,694,1000,33,48,21.3000,0.010000,1.029690,50000
1598,695,1000,11,48,19.9000,0.010000,1.144796,50000
1599,696,1000,7,48,18.7000,0.010000,1.438767,50000
1600,697,1000,26,48,19.0000,0.010000,1.476917,50000
1601,698,1000,30,48,20.0500,0.010000,1.072606,50000
1602,699,1000,20,48,20.7000,0.010000,1.082967,50000
1603,700,1000,15,48,20.4000,0.010000,0.980607,50000
1604,701,1000,26,48,20.6500,0.010000,1.342796,50000
1605,702,1000,20,48,20.3000,0.010000,1.147032,50000
1606,703,1000,13,48,19.3000,0.010000,1.118042,50000
1607,704,1000,14,48,19.1500,0.010000,1.247523,50000
1608,705,1000,30,48,19.3500,0.010000,1.361002,50000
1609,706,1000,12,48,19.1500,0.010000,1.697935,50000
1610,707,1000,25,48,19.7000,0.010000,1.244985,50000
1611,708,1000,13,48,19.2500,0.010000,1.525253,50000
1612,709,1000,13,48,19.0000,0.010000,1.128944,50000
1613,710,1000,19,48,18.8500,0.010000,1.131781,50000
1614,711,1000,25,48,18.9500,0.010000,1.088433,50000
1615,712,1000,20,48,19.3000,0.010000,1.280712,50000
1616,713,1000,20,48,19.6000,0.010000,1.264706,50000
1617,714,1000,10,48,18.4500,0.010000,1.507255,50000
1618,715,1000,35,48,19.6500,0.010000,1.084161,50000
1619,716,1000,25,48,20.5500,0.010000,1.026550,50000
1620,717,1000,29,48,20.7000,0.010000,1.102849,50000
1621,718,1000,28,48,20.6000,0.010000,1.181928,50000
1622,719,1000,17,48,20.4500,0.010000,1.399589,50000
1623,720,1000,19,48,20.6500,0.010000,1.096262,50000
1624,721,1000,20,48,20.3500,0.010000,1.324466,50000
1625,722,1000,14,48,20.0500,0.010000,1.178610,50000
1626,723,1000,21,48,20.4500,0.010000,1.319209,50000
1627,724,1000,21,48,20.8000,0.010000,1.236088,50000
1628,725,1000,29,48,20.7500,0.010000,1.459039,50000
1629,726,1000,30,48,21.6500,0.010000,1.326799,50000
1630,727,1000,26,48,21.7000,0.010000,1.168559,50000
1631,728,1000,13,48,21.7000,0.010000,1.220982,50000
1632,729,1000,18,48,21.9500,0.010000,1.070043,50000
1633,730,1000,22,48,22.1000,0.010000,1.024160,50000
1634,731,1000,31,48,22.4000,0.010000,1.056085,50000
1635,732,1000,11,48,21.9500,0.010000,1.159532,50000
1636,733,1000,21,48,22.0000,0.010000,1.035066,50000
1637,734,1000,34,48,23.2000,0.010000,0.972641,50000
1638,735,1000,19,48,22.4000,0.010000,1.152243,50000
1639,736,1000,15,48,21.9000,0.010000,1.065744,50000
1640,737,1000,19,48,21.4000,0.010000,1.095753,50000
1641,738,1000,15,48,20.7500,0.010000,1.085114,50000
1642,739,1000,23,48,21.0500,0.010000,1.414687,50000
1643,740,1000,18,48,21.0000,0.010000,1.209563,50000
1644,741,1000,27,48,21.3500,0.010000,1.139411,50000
1645,742,1000,15,48,21.4000,0.010000,1.204761,50000
1646,743,1000,34,48,22.0500,0.010000,0.940026,50000
1647,744,1000,20,48,22.0000,0.010000,0.957382,50000
1648,745,1000,16,48,21.3500,0.010000,1.096248,50000
1649,746,1000,23,48,21.0000,0.010000,0.959568,50000
1650,747,1000,20,48,20.7000,0.010000,1.031276,50000
1651,748,1000,17,48,20.9000,0.010000,1.212294,50000
1652,749,1000,16,48,20.8000,0.010000,1.373832,50000
1653,750,1000,31,48,21.2500,0.010000,1.240893,50000
1654,751,1000,13,48,20.3500,0.010000,1.239260,50000
1655,752,1000,6,48,20.1000,0.010000,1.184377,50000
1656,753,1000,4,48,19.2500,0.010000,1.108070,50000
1657,754,1000,23,48,18.7000,0.010000,1.298858,50000
1658,755,1000,6,48,18.0500,0.010000,1.113306,50000
1659,756,1000,8,48,17.7000,0.010000,1.424011,50000
1660,757,1000,38,48,18.6500,0.010000,1.274038,50000
1661,758,1000,28,48,19.3000,0.010000,1.252126,50000
1662,759,1000,25,48,19.4000,0.010000,1.418829,50000
1663,760,1000,12,48,19.1000,0.010000,1.454239,50000
1664,761,1000,9,48,18.2000,0.010000,1.386119,50000
1665,762,1000,23,48,18.6000,0.010000,1.176262,50000
1666,763,1000,30,48,18.4000,0.010000,1.222757,50000
1667,764,1000,22,48,18.5000,0.010000,1.072840,50000
1668,765,1000,29,48,19.1500,0.010000,1.104693,50000
1669,766,1000,19,48,18.9500,0.010000,1.026739,50000
1670,767,1000,16,48,18.7500,0.010000,1.152997,50000
1671,768,1000,12,48,18.5000,0.010000,1.425367,50000
1672,769,1000,21,48,18.7500,0.010000,0.989794,50000
1673,770,1000,20,48,18.2000,0.010000,1.193491,50000
1674,771,1000,25,48,18.8000,0.010000,1.289507,50000
1675,772,1000,13,48,19.1500,0.010000,1.314821,50000
1676,773,1000,26,48,20.2500,0.010000,0.993284,50000
1677,774,1000,28,48,20.5000,0.010000,0.930939,50000
1678,775,1000,19,48,21.1500,0.010000,1.266287,50000
1679,776,1000,18,48,21.6500,0.010000,1.181472,50000
1680,777,1000,16,48,20.5500,0.010000,1.124398,50000
1681,778,1000,19,48,20.1000,0.010000,1.151310,50000
1682,779,1000,11,48,19.4000,0.010000,1.319607,50000
1683,780,1000,18,48,19.7000,0.010000,1.065235,50000
1684,781,1000,16,48,20.0500,0.010000,0.950980,50000
1685,782,1000,27,48,20.2500,0.010000,1.215686,50000
1686,783,1000,7,48,19.1000,0.010000,1.151408,50000
1687,784,1000,16,48,18.8000,0.010000,1.013810,50000
1688,785,1000,29,48,18.8000,0.010000,1.009223,50000
1689,786,1000,28,48,19.2500,0.010000,1.025951,50000
1690,787,1000,26,48,19.7500,0.010000,1.057250,50000
1691,788,1000,4,48,19.3500,0.010000,0.992568,50000
1692,789,1000,27,48,19.6500,0.010000,1.152480,50000
1693,790,1000,26,48,19.9500,0.010000,1.243484,50000
1694,791,1000,21,48,19.7500,0.010000,1.324673,50000
1695,792,1000,20,48,20.1000,0.010000,1.152047,50000
1696,793,1000,16,48,19.6000,0.010000,1.187340,50000
1697,794,1000,27,48,19.5500,0.010000,1.072350,50000
1698,795,1000,13,48,19.2500,0.010000,1.408881,50000
1699,796,1000,10,48,18.8500,0.010000,1.172790,50000
1700,797,1000,12,48,18.6500,0.010000,1.248120,50000
1701,798,1000,15,48,18.4500,0.010000,1.108612,50000
1702,799,1000,13,48,18.5500,0.010000,1.077868,50000
1703,800,1000,19,48,18.6000,0.010000,1.140088,50000
1704,801,1000,23,48,18.9500,0.010000,1.446731,50000
1705,802,1000,4,48,17.8000,0.010000,1.161631,50000
1706,803,1000,34,48,19.1500,0.010000,1.273457,50000
1707,804,1000,13,48,19.0000,0.010000,1.052707,50000
1708,805,1000,21,48,18.6000,0.010000,1.248637,50000
1709,806,1000,21,48,18.2500,0.010000,1.267915,50000
1710,807,1000,19,48,17.9000,0.010000,1.234010,50000
1711,808,1000,39,48,19.6500,0.010000,1.393277,50000
1712,809,1000,21,48,19.3500,0.010000,0.966995,50000
1713,810,1000,16,48,18.8500,0.010000,1.125333,50000
1714,811,1000,2,48,17.9000,0.010000,1.108639,50000
1715,812,1000,16,48,17.7000,0.010000,1.125793,50000
1716,813,1000,26,48,18.2000,0.010000,1.469290,50000
1717,814,1000,9,48,17.3000,0.010000,0.921724,50000
1718,815,1000,6,48,16.9500,0.010000,1.245327,50000
1719,816,1000,15,48,17.2000,0.010000,0.982995,50000
1720,817,1000,15,48,17.3500,0.010000,1.136023,50000
1721,818,1000,22,48,17.7000,0.010000,1.252216,50000
1722,819,1000,23,48,18.2000,0.010000,1.402053,50000
1723,820,1000,18,48,18.1500,0.010000,1.005563,50000
1724,821,1000,17,48,17.8500,0.010000,1.236275,50000
1725,822,1000,13,48,18.3000,0.010000,1.048001,50000
1726,823,1000,26,48,17.9000,0.010000,1.245177,50000
1727,824,1000,20,48,18.2500,0.010000,1.069320,50000
1728,825,1000,20,48,18.2000,0.010000,0.986784,50000
1729,826,1000,21,48,18.2000,0.010000,1.202590,50000
1730,827,1000,14,48,17.9500,0.010000,1.424652,50000
1731,828,1000,2,48,16.1000,0.010000,1.425885,50000
1732,829,1000,10,48,15.5500,0.010000,1.690416,50000
1733,830,1000,31,48,16.3000,0.010000,1.184631,50000
1734,831,1000,28,48,17.6000,0.010000,1.204299,50000
1735,832,1000,18,48,17.7000,0.010000,0.971576,50000
1736,833,1000,23,48,17.5500,0.010000,1.408834,50000
1737,834,1000,18,48,18.0000,0.010000,1.173999,50000
1738,835,1000,20,48,18.7000,0.010000,1.377389,50000
1739,836,1000,6,48,18.2500,0.010000,1.420864,50000
1740,837,1000,24,48,18.7000,0.010000,1.074403,50000
1741,838,1000,8,48,18.0000,0.010000,1.244302,50000
1742,839,1000,19,48,17.8000,0.010000,1.195869,50000
1743,840,1000,21,48,17.9500,0.010000,1.227500,50000
1744,841,1000,21,48,18.1500,0.010000,1.247276,50000
1745,842,1000,16,48,18.3000,0.010000,1.415509,50000
1746,843,1000,23,48,18.1500,0.010000,1.079716,50000
1747,844,1000,22,48,18.2500,0.010000,1.432450,50000
1748,845,1000,16,48,18.0500,0.010000,1.368703,50000
1749,846,1000,25,48,18.2500,0.010000,1.013182,50000
1750,847,1000,29,48,19.0000,0.010000,1.484059,50000
1751,848,1000,23,48,20.0500,0.010000,1.390875,50000
1752,849,1000,15,48,20.3000,0.010000,1.059401,50000
1753,850,1000,21,48,19.8000,0.010000,1.376861,50000
1754,851,1000,22,48,19.5000,0.010000,1.468363,50000
1755,852,1000,27,48,19.9500,0.010000,1.542277,50000
1756,853,1000,12,48,19.4000,0.010000,1.267183,50000
1757,854,1000,9,48,18.9500,0.010000,1.266069,50000
1758,855,1000,15,48,18.7000,0.010000,0.913382,50000
1759,856,1000,12,48,19.0000,0.010000,1.330536,50000
1760,857,1000,12,48,18.4000,0.010000,1.432374,50000
1761,858,1000,23,48,19.1500,0.010000,1.281126,50000
1762,859,1000,9,48,18.6500,0.010000,1.299361,50000
1763,860,1000,12,48,18.2000,0.010000,1.185931,50000
1764,861,1000,20,48,18.1500,0.010000,1.233815,50000
1765,862,1000,23,48,18.5000,0.010000,0.981174,50000
1766,863,1000,39,48,19.3000,0.010000,1.135635,50000
1767,864,1000,30,48,19.7000,0.010000,1.144834,50000
1768,865,1000,24,48,20.1000,0.010000,1.351821,50000
1769,866,1000,14,48,19.5500,0.010000,1.325386,50000
1770,867,1000,25,48,19.3500,0.010000,1.265492,50000
1771,868,1000,22,48,19.3000,0.010000,1.302868,50000
1772,869,1000,27,48,19.9000,0.010000,1.359990,50000
1773,870,1000,5,48,19.1000,0.010000,1.365409,50000
1774,871,1000,32,48,19.6000,0.010000,1.296165,50000
1775,872,1000,6,48,18.5500,0.010000,1.293385,50000
1776,873,1000,32,48,19.5500,0.010000,0.936983,50000
1777,874,1000,22,48,20.2000,0.010000,1.140930,50000
1778,875,1000,27,48,20.8000,0.010000,1.041695,50000
1779,876,1000,22,48,21.3000,0.010000,1.428806,50000
1780,877,1000,8,48,21.1000,0.010000,1.010160,50000
1781,878,1000,27,48,21.3000,0.010000,0.993470,50000
1782,879,1000,31,48,22.4000,0.010000,1.170341,50000
1783,880,1000,17,48,22.6500,0.010000,1.212145,50000
1784,881,1000,7,48,22.0000,0.010000,1.344155,50000
1785,882,1000,15,48,21.6000,0.010000,1.295219,50000
1786,883,1000,31,48,21.2000,0.010000,1.339368,50000
1787,884,1000,14,48,20.4000,0.010000,0.876178,50000
1788,885,1000,19,48,20.1500,0.010000,1.146900,50000
1789,886,1000,16,48,20.2500,0.010000,1.008053,50000
1790,887,1000,16,48,19.8000,0.010000,1.183871,50000
1791,888,1000,27,48,20.0500,0.010000,1.261492,50000
1792,889,1000,14,48,19.4000,0.010000,1.045130,50000
1793,890,1000,32,48,20.7500,0.010000,0.725359,50000
1794,891,1000,5,48,19.4000,0.010000,0.945606,50000
1795,892,1000,12,48,19.7000,0.010000,1.131083,50000
1796,893,1000,31,48,19.6500,0.010000,1.196364,50000
1797,894,1000,8,48,18.9500,0.010000,1.070274,50000
1798,895,1000,19,48,18.5500,0.010000,1.141085,50000
1799,896,1000,11,48,18.0000,0.010000,0.932530,50000
1800,897,1000,8,48,18.0000,0.010000,0.961612,50000
1801,898,1000,15,48,17.4000,0.010000,1.031954,50000
1802,899,1000,9,48,16.3000,0.010000,1.276210,50000
1803,900,1000,21,48,16.5000,0.010000,1.106013,50000
1804,901,1000,16,48,16.9500,0.010000,1.270809,50000
1805,902,1000,21,48,17.2500,0.010000,1.179997,50000
1806,903,1000,9,48,16.1500,0.010000,1.422987,50000
1807,904,1000,29,48,16.9000,0.010000,1.251170,50000
1808,905,1000,24,48,17.1500,0.010000,1.130290,50000
1809,906,1000,26,48,17.6500,0.010000,1.273832,50000
1810,907,1000,15,48,17.6000,0.010000,1.096464,50000
1811,908,1000,23,48,17.4000,0.010000,1.317034,50000
1812,909,1000,10,48,17.2000,0.010000,1.175862,50000
1813,910,1000,23,48,16.7500,0.010000,1.170982,50000
1814,911,1000,27,48,17.8500,0.010000,1.733297,50000
1815,912,1000,27,48,18.6000,0.010000,1.249503,50000
1816,913,1000,23,48,18.2000,0.010000,1.301229,50000
1817,914,1000,12,48,18.4000,0.010000,1.153292,50000
1818,915,1000,8,48,17.8500,0.010000,1.284979,50000
1819,916,1000,19,48,18.2500,0.010000,0.976984,50000
1820,917,1000,15,48,18.6000,0.010000,1.501088,50000
1821,918,1000,31,48,19.4000,0.010000,1.466187,50000
1822,919,1000,28,48,20.3500,0.010000,1.190968,50000
1823,920,1000,4,48,19.5000,0.010000,0.915361,50000
1824,921,1000,21,48,19.7500,0.010000,1.051694,50000
1825,922,1000,17,48,19.5500,0.010000,1.081352,50000
1826,923,1000,31,48,20.6500,0.010000,0.856548,50000
1827,924,1000,19,48,20.1500,0.010000,0.831140,50000
1828,925,1000,11,48,19.5000,0.010000,1.050730,50000
1829,926,1000,16,48,19.0000,0.010000,1.314564,50000
1830,927,1000,28,48,19.6500,0.010000,1.158639,50000
1831,928,1000,23,48,19.6500,0.010000,1.163106,50000
1832,929,1000,34,48,20.8500,0.010000,0.945339,50000
1833,930,1000,13,48,20.3500,0.010000,1.057998,50000
1834,931,1000,35,48,20.7500,0.010000,1.007466,50000
1835,932,1000,17,48,20.2500,0.010000,1.191731,50000
1836,933,1000,15,48,19.8500,0.010000,0.912647,50000
1837,934,1000,10,48,19.7500,0.010000,1.118633,50000
1838,935,1000,23,48,20.5000,0.010000,1.220817,50000
1839,936,1000,17,48,20.4000,0.010000,1.017891,50000
1840,937,1000,33,48,21.3000,0.010000,1.235001,50000
1841,938,1000,9,48,20.2000,0.010000,1.181333,50000
1842,939,1000,28,48,20.2000,0.010000,1.351272,50000
1843,940,1000,32,48,21.6000,0.010000,1.150117,50000
1844,941,1000,10,48,21.0500,0.010000,1.203312,50000
1845,942,1000,13,48,20.8500,0.010000,1.302254,50000
1846,1,1000,14,48,14.0000,0.010000,1.307468,50000
1847,2,1000,9,48,11.5000,0.010000,1.376734,50000
1848,3,1000,11,48,11.3333,0.010000,1.151102,50000
1849,4,1000,15,48,12.2500,0.010000,1.288476,50000
1850,5,1000,19,48,13.6000,0.010000,1.301958,50000
1851,6,1000,29,48,16.1667,0.010000,1.172082,50000
1852,7,1000,16,48,16.1429,0.010000,1.503289,50000
1853,8,1000,20,48,16.6250,0.010000,1.135392,50000
1854,9,1000,17,48,16.6667,0.010000,1.298170,50000
1855,10,1000,15,48,16.5000,0.010000,1.370025,50000
1856,11,1000,15,48,16.3636,0.010000,1.228570,50000
1857,12,1000,11,48,15.9167,0.010000,1.186745,50000
1858,13,1000,13,48,15.6923,0.010000,1.225421,50000
1859,14,1000,18,48,15.8571,0.010000,1.391457,50000
1860,15,1000,22,48,16.2667,0.010000,1.085139,50000
1861,16,1000,5,48,15.5625,0.010000,1.565155,50000
1862,17,1000,11,48,15.2941,0.010000,1.215870,50000
1863,18,1000,9,48,14.9444,0.010000,1.662976,50000
1864,19,1000,25,48,15.4737,0.010000,1.418338,50000
1865,20,1000,32,48,16.3000,0.010000,1.063143,50000
1866,21,1000,17,48,16.4500,0.010000,1.344690,50000
1867,22,1000,25,48,17.2500,0.010000,1.550311,50000
1868,23,1000,13,48,17.3500,0.010000,1.369849,50000
1869,24,1000,14,48,17.3000,0.010000,1.664818,50000
1870,25,1000,16,48,17.1500,0.010000,1.113164,50000
1871,26,1000,19,48,16.6500,0.010000,1.211593,50000
1872,27,1000,27,48,17.2000,0.010000,1.168239,50000
1873,28,1000,20,48,17.2000,0.010000,1.306376,50000
1874,29,1000,22,48,17.4500,0.010000,1.528592,50000
1875,30,1000,18,48,17.6000,0.010000,1.215737,50000
1876,31,1000,12,48,17.4500,0.010000,1.282014,50000
1877,32,1000,14,48,17.6000,0.010000,1.310899,50000
1878,33,1000,19,48,17.9000,0.010000,1.131874,50000
1879,34,1000,16,48,17.8000,0.010000,1.483155,50000
1880,35,1000,16,48,17.5000,0.010000,1.491711,50000
1882,1,1000,15,48,15.0000,0.010000,1.031269,50000
1883,2,1000,17,48,16.0000,0.010000,1.282154,50000
1884,3,1000,15,48,15.6667,0.010000,1.218677,50000
1885,4,1000,25,48,18.0000,0.010000,1.150136,50000
1886,5,1000,22,48,18.8000,0.010000,4.540820,50000
1887,6,1000,38,48,22.0000,0.010000,1.352436,50000
1888,7,1000,24,48,22.2857,0.010000,1.289532,50000
1889,8,1000,31,48,23.3750,0.010000,1.708385,50000
1890,9,1000,29,48,24.0000,0.010000,1.853153,50000
1891,10,1000,19,48,23.5000,0.010000,1.560448,50000
1892,11,1000,11,48,22.3636,0.010000,1.618935,50000
1893,12,1000,22,48,22.3333,0.010000,2.198133,50000
1894,13,1000,17,48,21.9231,0.010000,2.487710,50000
1895,14,1000,11,48,21.1429,0.010000,2.365125,50000
1896,15,1000,12,48,20.5333,0.010000,1.681364,50000
1897,16,1000,23,48,20.6875,0.010000,2.979290,50000
1898,17,1000,10,48,20.0588,0.010000,3.664989,50000
1899,18,1000,14,48,19.7222,0.010000,3.251654,50000
1900,19,1000,15,48,19.4737,0.010000,5.344417,50000
1901,20,1000,22,48,19.6000,0.010000,5.960912,50000
1902,21,1000,22,48,19.9500,0.010000,5.449329,50000
1903,22,1000,14,48,19.8000,0.010000,4.426356,50000
1904,23,1000,8,48,19.4500,0.010000,4.491563,50000
1905,24,1000,26,48,19.5000,0.010000,5.150948,50000
1906,25,1000,23,48,19.5500,0.010000,3.847555,50000
1907,26,1000,25,48,18.9000,0.010000,5.330991,50000
1908,27,1000,11,48,18.2500,0.010000,5.603051,50000
1909,28,1000,23,48,17.8500,0.010000,4.174412,50000
1910,29,1000,19,48,17.3500,0.010000,4.316082,50000
1911,30,1000,20,48,17.4000,0.010000,9.234562,50000
1912,31,1000,23,48,18.0000,0.010000,4.392733,50000
1913,32,1000,4,48,17.1000,0.010000,7.923090,50000
1914,33,1000,30,48,17.7500,0.010000,6.769283,50000
1915,34,1000,16,48,18.0000,0.010000,11.322838,50000
1916,35,1000,17,48,18.2500,0.010000,12.498968,50000
1917,36,1000,14,48,17.8000,0.010000,7.543769,50000
1918,37,1000,13,48,17.9500,0.010000,6.673634,50000
1919,38,1000,21,48,18.3000,0.010000,9.614613,50000
1920,39,1000,16,48,18.3500,0.010000,6.378023,50000
1921,40,1000,17,48,18.1000,0.010000,7.315850,50000
1922,41,1000,24,48,18.2000,0.010000,10.500714,50000
1923,42,1000,18,48,18.4000,0.010000,6.671422,50000
1924,43,1000,26,48,19.3000,0.010000,6.279039,50000
1925,44,1000,34,48,19.7000,0.010000,6.864521,50000
1926,45,1000,5,48,18.8000,0.010000,2.799976,50000
1927,46,1000,12,48,18.1500,0.010000,4.962627,50000
1928,47,1000,9,48,18.0500,0.010000,7.286700,50000
1929,48,1000,17,48,17.7500,0.010000,7.092313,50000
1930,49,1000,30,48,18.3000,0.010000,3.383884,50000
1931,50,1000,12,48,17.9000,0.010000,5.078442,50000
1932,51,1000,34,48,18.4500,0.010000,8.720366,50000
1933,52,1000,26,48,19.5500,0.010000,13.740442,50000
1934,53,1000,8,48,18.4500,0.010000,14.632035,50000
1935,54,1000,9,48,18.1000,0.010000,8.844604,50000
1936,55,1000,14,48,17.9500,0.010000,18.017672,50000
1937,56,1000,11,48,17.8000,0.010000,7.618166,50000
1938,57,1000,3,48,17.3000,0.010000,12.284998,50000
1939,58,1000,25,48,17.5000,0.010000,7.912102,50000
1940,59,1000,12,48,17.3000,0.010000,8.307631,50000
1941,60,1000,18,48,17.3500,0.010000,9.391225,50000
1942,61,1000,18,48,17.0500,0.010000,8.151594,50000
1943,62,1000,19,48,17.1000,0.010000,12.170986,50000
1944,63,1000,12,48,16.4000,0.010000,12.070396,50000
1945,64,1000,10,48,15.2000,0.010000,15.958332,50000
1946,65,1000,13,48,15.6000,0.010000,11.049724,50000
1947,66,1000,7,48,15.3500,0.010000,17.617767,50000
1948,67,1000,16,48,15.7000,0.010000,9.006066,50000
1949,68,1000,1,48,14.9000,0.010000,3.537625,50000
1950,69,1000,39,48,15.3500,0.010000,4.345237,50000
1951,70,1000,30,48,16.2500,0.010000,9.824760,50000
1952,71,1000,21,48,15.6000,0.010000,7.933528,50000
1953,72,1000,29,48,15.7500,0.010000,12.327241,50000
1954,73,1000,25,48,16.6000,0.010000,7.874516,50000
1955,74,1000,19,48,17.1000,0.010000,11.421870,50000
1956,75,1000,22,48,17.5000,0.010000,8.859674,50000
1957,76,1000,18,48,17.8500,0.010000,7.569625,50000
1958,77,1000,8,48,18.1000,0.010000,8.249588,50000
1959,78,1000,20,48,17.8500,0.010000,22.078283,50000
1960,79,1000,25,48,18.5000,0.010000,9.099668,50000
1962,1,1000,14,48,14.0000,0.010000,12.834685,50000
1963,2,1000,7,48,10.5000,0.010000,9.183743,50000
1964,3,1000,21,48,14.0000,0.010000,7.220785,50000
1965,4,1000,22,48,16.0000,0.010000,9.647264,50000
1966,5,1000,18,48,16.4000,0.010000,20.428268,50000
1967,6,1000,29,48,18.5000,0.010000,10.525001,50000
1968,7,1000,22,48,19.0000,0.010000,23.613901,50000
1969,8,1000,20,48,19.1250,0.010000,29.197952,50000
1970,9,1000,22,48,19.4444,0.010000,22.325529,50000
1971,10,1000,8,48,18.3000,0.010000,16.186014,50000
1972,11,1000,18,48,18.2727,0.010000,20.538200,50000
1973,12,1000,23,48,18.6667,0.010000,10.871511,50000
1975,1,1000,26,48,26.0000,0.010000,18.724443,50000
1976,2,1000,1,48,13.5000,0.010000,16.911047,50000
1977,3,1000,20,48,15.6667,0.010000,8.724768,50000
1978,4,1000,16,48,15.7500,0.010000,11.668815,50000
1979,5,1000,7,48,14.0000,0.010000,17.760366,50000
1980,6,1000,13,48,13.8333,0.010000,22.925062,50000
1981,7,1000,11,48,13.4286,0.010000,20.399071,50000
1982,8,1000,15,48,13.6250,0.010000,18.378059,50000
1983,9,1000,25,48,14.8889,0.010000,9.461301,50000
1984,10,1000,30,48,16.4000,0.010000,11.159565,50000
1985,11,1000,8,48,15.6364,0.010000,18.515854,50000
1986,12,1000,10,48,15.1667,0.010000,9.785205,50000
1987,13,1000,7,48,14.5385,0.010000,6.246691,50000
1988,14,1000,23,48,15.1429,0.010000,18.271843,50000
1989,15,1000,13,48,15.0000,0.010000,11.780982,50000
1990,16,1000,11,48,14.7500,0.010000,15.332338,50000
1991,17,1000,20,48,15.0588,0.010000,12.456041,50000
1992,18,1000,10,48,14.7778,0.010000,16.532459,50000
1993,19,1000,13,48,14.6842,0.010000,11.399163,50000
1994,20,1000,26,48,15.2500,0.010000,19.499598,50000
1995,21,1000,16,48,14.7500,0.010000,13.170147,50000
1996,22,1000,18,48,15.6000,0.010000,16.490089,50000
1997,23,1000,9,48,15.0500,0.010000,12.907528,50000
1998,24,1000,32,48,15.8500,0.010000,19.431967,50000
1999,25,1000,16,48,16.3000,0.010000,10.598598,50000
2000,26,1000,21,48,16.7000,0.010000,14.298669,50000
2001,27,1000,1,48,16.2000,0.010000,9.709204,50000
2002,28,1000,22,48,16.5500,0.010000,23.819235,50000
2003,29,1000,15,48,16.0500,0.010000,16.634201,50000
2004,30,1000,7,48,14.9000,0.010000,23.119528,50000
2005,31,1000,9,48,14.9500,0.010000,12.636026,50000
2006,32,1000,8,48,14.8500,0.010000,10.694703,50000
2007,33,1000,11,48,15.0500,0.010000,10.014821,50000
2008,34,1000,14,48,14.6000,0.010000,16.455473,50000
2009,35,1000,3,48,14.1000,0.010000,16.834669,50000
2010,36,1000,5,48,13.8000,0.010000,17.852270,50000
2011,37,1000,16,48,13.6000,0.010000,13.231611,50000
2012,38,1000,15,48,13.8500,0.010000,13.057292,50000
2013,39,1000,23,48,14.3500,0.010000,27.350512,50000
2014,40,1000,17,48,13.9000,0.010000,14.911192,50000
2015,41,1000,16,48,13.9000,0.010000,13.140074,50000
2016,42,1000,29,48,14.4500,0.010000,8.333174,50000
2017,43,1000,31,48,15.5500,0.010000,14.701874,50000
2018,44,1000,21,48,15.0000,0.010000,27.289160,50000
2019,45,1000,12,48,14.8000,0.010000,9.547934,50000
2020,46,1000,15,48,14.5000,0.010000,16.780718,50000
2021,47,1000,22,48,15.5500,0.010000,21.537165,50000
2022,48,1000,28,48,15.8500,0.010000,19.121162,50000
2023,49,1000,11,48,15.6500,0.010000,13.741734,50000
2024,50,1000,16,48,16.1000,0.010000,11.163684,50000
2025,51,1000,24,48,16.8500,0.010000,15.204554,50000
2026,52,1000,32,48,18.0500,0.010000,3.979989,50000
2027,53,1000,22,48,18.6000,0.010000,9.156354,50000
2028,54,1000,17,48,18.7500,0.010000,6.198422,50000
2029,55,1000,16,48,19.4000,0.010000,10.606223,50000
2030,56,1000,26,48,20.4500,0.010000,6.758885,50000
2031,57,1000,12,48,20.2500,0.010000,14.926435,50000
2032,58,1000,11,48,20.0500,0.010000,3.125625,50000
2033,59,1000,7,48,19.2500,0.010000,11.038278,50000
2034,60,1000,6,48,18.7000,0.010000,16.252409,50000
2035,61,1000,21,48,18.9500,0.010000,4.881227,50000
2036,62,1000,14,48,18.2000,0.010000,10.806416,50000
2037,63,1000,14,48,17.3500,0.010000,13.025744,50000
2038,64,1000,21,48,17.3500,0.010000,7.164650,50000
2039,65,1000,21,48,17.8000,0.010000,6.522892,50000
2040,66,1000,22,48,18.1500,0.010000,6.846837,50000
2041,67,1000,7,48,17.4000,0.010000,8.847259,50000
2042,68,1000,25,48,17.2500,0.010000,11.797463,50000
2043,69,1000,11,48,17.2500,0.010000,4.739118,50000
2044,70,1000,16,48,17.2500,0.010000,10.935056,50000
2045,71,1000,8,48,16.4500,0.010000,12.124544,50000
2046,72,1000,18,48,15.7500,0.010000,9.496666,50000
2047,73,1000,6,48,14.9500,0.010000,15.079990,50000
2048,74,1000,21,48,15.1500,0.010000,22.063854,50000
2049,75,1000,14,48,15.0500,0.010000,13.135737,50000
2050,76,1000,19,48,14.7000,0.010000,12.361107,50000
2051,77,1000,21,48,15.1500,0.010000,13.661678,50000
2052,78,1000,3,48,14.7500,0.010000,15.611544,50000
2053,79,1000,21,48,15.4500,0.010000,22.545231,50000
2054,80,1000,22,48,16.2500,0.010000,16.526190,50000
2055,81,1000,21,48,16.2500,0.010000,7.932407,50000
2056,82,1000,18,48,16.4500,0.010000,6.594573,50000
2057,83,1000,24,48,16.9500,0.010000,16.228188,50000
2058,84,1000,8,48,16.3000,0.010000,12.520879,50000
2059,85,1000,3,48,15.4000,0.010000,22.254641,50000
2060,86,1000,22,48,15.4000,0.010000,16.558231,50000
2061,87,1000,1,48,15.1000,0.010000,17.702362,50000
2062,88,1000,27,48,15.2000,0.010000,16.618483,50000
2063,89,1000,16,48,15.4500,0.010000,11.145269,50000
2064,90,1000,23,48,15.8000,0.010000,15.643024,50000
2065,91,1000,12,48,16.0000,0.010000,14.913598,50000
2066,92,1000,24,48,16.3000,0.010000,17.813780,50000
2067,93,1000,18,48,16.9000,0.010000,9.917309,50000
2068,94,1000,16,48,16.6500,0.010000,7.539200,50000
2069,95,1000,38,48,17.8500,0.010000,16.648159,50000
2070,96,1000,30,48,18.4000,0.010000,11.858147,50000
2071,97,1000,4,48,17.5500,0.010000,12.248737,50000
2072,98,1000,25,48,18.6500,0.010000,12.729438,50000
2073,99,1000,26,48,18.9000,0.010000,14.084234,50000
2074,100,1000,18,48,18.7000,0.010000,15.821393,50000
2075,101,1000,27,48,19.0000,0.010000,9.464538,50000
2076,102,1000,2,48,18.2000,0.010000,14.975909,50000
2077,103,1000,35,48,18.7500,0.010000,17.700228,50000
2078,104,1000,27,48,19.7000,0.010000,16.892050,50000
2079,105,1000,22,48,20.6500,0.010000,17.281839,50000
2080,106,1000,24,48,20.7500,0.010000,3.007996,50000
2081,107,1000,26,48,22.0000,0.010000,8.219346,50000
2082,108,1000,13,48,21.3000,0.010000,7.964473,50000
2083,109,1000,30,48,22.0000,0.010000,4.457853,50000
2084,110,1000,12,48,21.4500,0.010000,10.772045,50000
2085,111,1000,17,48,21.7000,0.010000,19.693352,50000
2086,112,1000,10,48,21.0000,0.010000,12.353546,50000
2087,113,1000,22,48,21.2000,0.010000,14.447908,50000
2088,114,1000,14,48,21.1000,0.010000,16.593752,50000
2089,115,1000,11,48,19.7500,0.010000,17.014177,50000
2090,116,1000,25,48,19.5000,0.010000,12.596307,50000
2091,117,1000,16,48,20.1000,0.010000,17.385679,50000
2092,118,1000,21,48,19.9000,0.010000,17.177063,50000
2093,119,1000,25,48,19.8500,0.010000,9.733777,50000
2094,120,1000,15,48,19.7000,0.010000,8.192730,50000
2095,121,1000,19,48,19.3000,0.010000,14.891775,50000
2096,122,1000,19,48,20.1500,0.010000,10.999965,50000
2097,123,1000,16,48,19.2000,0.010000,23.998566,50000
2098,124,1000,9,48,18.3000,0.010000,5.743924,50000
2099,125,1000,7,48,17.5500,0.010000,21.033720,50000
2100,126,1000,24,48,17.5500,0.010000,25.335409,50000
2101,127,1000,16,48,17.0500,0.010000,19.985415,50000
2102,128,1000,9,48,16.8500,0.010000,17.852043,50000
2103,129,1000,4,48,15.5500,0.010000,9.516914,50000
2104,130,1000,15,48,15.7000,0.010000,6.510680,50000
2105,131,1000,17,48,15.7000,0.010000,5.272593,50000
2106,132,1000,2,48,15.3000,0.010000,20.061899,50000
2107,133,1000,23,48,15.3500,0.010000,7.255715,50000
2108,134,1000,10,48,15.1500,0.010000,17.520754,50000
2109,135,1000,14,48,15.3000,0.010000,12.746121,50000
2110,136,1000,21,48,15.1000,0.010000,4.457031,50000
2111,137,1000,25,48,15.5500,0.010000,5.557813,50000
2112,138,1000,6,48,14.8000,0.010000,5.649660,50000
2113,139,1000,20,48,14.5500,0.010000,15.627329,50000
2114,140,1000,23,48,14.9500,0.010000,8.676799,50000
2115,141,1000,25,48,15.2500,0.010000,9.370951,50000
2116,142,1000,21,48,15.3500,0.010000,7.142197,50000
2117,143,1000,29,48,16.0000,0.010000,13.177258,50000
2118,144,1000,17,48,16.4000,0.010000,11.453091,50000
2119,145,1000,27,48,17.4000,0.010000,10.903044,50000
2120,146,1000,23,48,17.3500,0.010000,14.225473,50000
2121,147,1000,22,48,17.6500,0.010000,10.734548,50000
2122,148,1000,21,48,18.2500,0.010000,6.024325,50000
2123,149,1000,24,48,19.2500,0.010000,36.475513,50000
2124,150,1000,18,48,19.4000,0.010000,10.110239,50000
2125,151,1000,20,48,19.5500,0.010000,10.176780,50000
2126,152,1000,26,48,20.7500,0.010000,9.690976,50000
2127,153,1000,22,48,20.7000,0.010000,6.449025,50000
2128,154,1000,22,48,21.3000,0.010000,10.912971,50000
2129,155,1000,20,48,21.6000,0.010000,16.525103,50000
2130,156,1000,18,48,21.4500,0.010000,11.323997,50000
2131,157,1000,5,48,20.4500,0.010000,9.187377,50000
2132,158,1000,4,48,20.3500,0.010000,17.443321,50000
2133,159,1000,19,48,20.3000,0.010000,10.207690,50000
2134,160,1000,24,48,20.3500,0.010000,7.185509,50000
2135,161,1000,16,48,19.9000,0.010000,5.458641,50000
2136,162,1000,4,48,19.0500,0.010000,10.924520,50000
2137,163,1000,21,48,18.6500,0.010000,8.741057,50000
2138,164,1000,26,48,19.1000,0.010000,14.878316,50000
2139,165,1000,20,48,18.7500,0.010000,12.879594,50000
2140,166,1000,9,48,18.0500,0.010000,12.761806,50000
2141,167,1000,17,48,17.8000,0.010000,7.136535,50000
2142,168,1000,24,48,17.9500,0.010000,8.731647,50000
2143,169,1000,18,48,17.6500,0.010000,8.271130,50000
2144,170,1000,24,48,17.9500,0.010000,10.502378,50000
2145,171,1000,2,48,17.0500,0.010000,19.810518,50000
2146,172,1000,19,48,16.7000,0.010000,9.910920,50000
2147,173,1000,21,48,16.6500,0.010000,14.719593,50000
2148,174,1000,40,48,17.5500,0.010000,11.937754,50000
2149,175,1000,28,48,17.9500,0.010000,13.564010,50000
2150,176,1000,18,48,17.9500,0.010000,17.375460,50000
2151,177,1000,34,48,19.4000,0.010000,9.762733,50000
2152,178,1000,13,48,19.8500,0.010000,4.416156,50000
2153,179,1000,18,48,19.8000,0.010000,11.700639,50000
2154,180,1000,24,48,19.8000,0.010000,7.774770,50000
2155,181,1000,17,48,19.8500,0.010000,20.053396,50000
2156,182,1000,11,48,20.2000,0.010000,6.235831,50000
2157,183,1000,16,48,19.9500,0.010000,5.250691,50000
2158,184,1000,22,48,19.7500,0.010000,10.273981,50000
2159,185,1000,12,48,19.3500,0.010000,17.270882,50000
2160,186,1000,22,48,20.0000,0.010000,17.468950,50000
2161,187,1000,15,48,19.9000,0.010000,8.270693,50000
2162,188,1000,2,48,18.8000,0.010000,9.500315,50000
2163,189,1000,19,48,18.8500,0.010000,5.325789,50000
2164,190,1000,24,48,18.8500,0.010000,6.745767,50000
2165,191,1000,22,48,19.8500,0.010000,8.250348,50000
2166,192,1000,27,48,20.2500,0.010000,10.396113,50000
2167,193,1000,7,48,19.5500,0.010000,11.510581,50000
2168,194,1000,23,48,18.7000,0.010000,12.485760,50000
2169,195,1000,27,48,18.6500,0.010000,14.167053,50000
2170,196,1000,14,48,18.4500,0.010000,11.628345,50000
2171,197,1000,32,48,18.3500,0.010000,7.745420,50000
2172,198,1000,19,48,18.6500,0.010000,7.265424,50000
2173,199,1000,2,48,17.8500,0.010000,9.299303,50000
2174,200,1000,3,48,16.8000,0.010000,2.554989,50000
2175,201,1000,11,48,16.5000,0.010000,7.812710,50000
2176,202,1000,28,48,17.3500,0.010000,5.974028,50000
2177,203,1000,19,48,17.5000,0.010000,9.900852,50000
2178,204,1000,22,48,17.5000,0.010000,10.417576,50000
2179,205,1000,25,48,18.1500,0.010000,11.703871,50000
2180,206,1000,32,48,18.6500,0.010000,3.379789,50000
2181,207,1000,38,48,19.8000,0.010000,5.682575,50000
2182,208,1000,28,48,21.1000,0.010000,1.892992,50000
2183,209,1000,13,48,20.8000,0.010000,6.432907,50000
2184,210,1000,25,48,20.8500,0.010000,14.372646,50000
2185,211,1000,26,48,21.0500,0.010000,14.490181,50000
2186,212,1000,8,48,20.1000,0.010000,4.552400,50000
2187,213,1000,12,48,20.3500,0.010000,8.220263,50000
2188,214,1000,8,48,19.6000,0.010000,26.703564,50000
2189,215,1000,29,48,19.7000,0.010000,10.575241,50000
2190,216,1000,19,48,19.9500,0.010000,3.053833,50000
2191,217,1000,31,48,19.9000,0.010000,5.230087,50000
2192,218,1000,24,48,20.1500,0.010000,6.327547,50000
2193,219,1000,7,48,20.4000,0.010000,3.517351,50000
2194,220,1000,21,48,21.3000,0.010000,16.249681,50000
2195,221,1000,11,48,21.3000,0.010000,14.536818,50000
2196,222,1000,22,48,21.0000,0.010000,12.636129,50000
2197,223,1000,13,48,20.7000,0.010000,6.157043,50000
2198,224,1000,16,48,20.4000,0.010000,10.144527,50000
2199,225,1000,22,48,20.2500,0.010000,4.329813,50000
2200,226,1000,5,48,18.9000,0.010000,6.872990,50000
2201,227,1000,16,48,17.8000,0.010000,4.776675,50000
2202,228,1000,13,48,17.0500,0.010000,3.268566,50000
2203,229,1000,17,48,17.2500,0.010000,12.726263,50000
2204,230,1000,17,48,16.8500,0.010000,10.238935,50000
2205,231,1000,6,48,15.8500,0.010000,7.920633,50000
2206,232,1000,6,48,15.7500,0.010000,13.962608,50000
2207,233,1000,18,48,16.0500,0.010000,4.274525,50000
2208,234,1000,18,48,16.5500,0.010000,13.310633,50000
2209,235,1000,16,48,15.9000,0.010000,7.463010,50000
2210,236,1000,14,48,15.6500,0.010000,6.748976,50000
2211,237,1000,22,48,15.2000,0.010000,2.318978,50000
2212,238,1000,7,48,14.3500,0.010000,4.443346,50000
2213,239,1000,19,48,14.9500,0.010000,6.631805,50000
2214,240,1000,14,48,14.6000,0.010000,5.206790,50000
2215,241,1000,31,48,15.6000,0.010000,8.471755,50000
2216,242,1000,21,48,15.5500,0.010000,5.437250,50000
2217,243,1000,28,48,16.3000,0.010000,13.432405,50000
2218,244,1000,13,48,16.1500,0.010000,8.097061,50000
2219,245,1000,21,48,16.1000,0.010000,11.615396,50000
2220,246,1000,16,48,16.6500,0.010000,8.905258,50000
2221,247,1000,10,48,16.3500,0.010000,6.790023,50000
2222,248,1000,19,48,16.6500,0.010000,9.582285,50000
2223,249,1000,10,48,16.3000,0.010000,6.022298,50000
2224,250,1000,19,48,16.4000,0.010000,10.352134,50000
2225,251,1000,11,48,16.6500,0.010000,7.750768,50000
2226,252,1000,27,48,17.7000,0.010000,6.727717,50000
2227,253,1000,18,48,17.7000,0.010000,14.436961,50000
2228,254,1000,13,48,17.4500,0.010000,6.678412,50000
2229,255,1000,31,48,18.2000,0.010000,12.488363,50000
2230,256,1000,16,48,18.3000,0.010000,11.877910,50000
2231,257,1000,16,48,18.0000,0.010000,5.046779,50000
2232,258,1000,16,48,18.4500,0.010000,8.003352,50000
2233,259,1000,17,48,18.3500,0.010000,13.389217,50000
2234,260,1000,14,48,18.3500,0.010000,10.315335,50000
2235,261,1000,20,48,17.8000,0.010000,8.638996,50000
2236,262,1000,28,48,18.1500,0.010000,12.944733,50000
2237,263,1000,20,48,17.7500,0.010000,6.440218,50000
2238,264,1000,24,48,18.3000,0.010000,16.970219,50000
2239,265,1000,15,48,18.0000,0.010000,4.205436,50000
2240,266,1000,10,48,17.7000,0.010000,12.754499,50000
2241,267,1000,9,48,17.6500,0.010000,12.761791,50000
2242,268,1000,14,48,17.4000,0.010000,5.552138,50000
2243,269,1000,25,48,18.1500,0.010000,10.620664,50000
2244,270,1000,18,48,18.1000,0.010000,14.427273,50000
2245,271,1000,19,48,18.5000,0.010000,11.994199,50000
2246,272,1000,33,48,18.8000,0.010000,2.946205,50000
2247,273,1000,11,48,18.4500,0.010000,14.102847,50000
2248,274,1000,25,48,19.0500,0.010000,10.406151,50000
2249,275,1000,14,48,18.2000,0.010000,14.121861,50000
2250,276,1000,3,48,17.5500,0.010000,14.310984,50000
2251,277,1000,20,48,17.7500,0.010000,14.293774,50000
2252,278,1000,19,48,17.9000,0.010000,4.702429,50000
2253,279,1000,16,48,17.8500,0.010000,7.884758,50000
2254,280,1000,27,48,18.5000,0.010000,16.493711,50000
2255,281,1000,20,48,18.5000,0.010000,8.075172,50000
2256,282,1000,23,48,18.2500,0.010000,9.739883,50000
2257,283,1000,9,48,17.7000,0.010000,19.454321,50000
2258,284,1000,21,48,17.5500,0.010000,11.293964,50000
2259,285,1000,28,48,18.2000,0.010000,12.881560,50000
2260,286,1000,12,48,18.3000,0.010000,7.937159,50000
2261,287,1000,2,48,17.9500,0.010000,24.270830,50000
2262,288,1000,26,48,18.5500,0.010000,11.459966,50000
2263,289,1000,22,48,18.4000,0.010000,6.772866,50000
2264,290,1000,18,48,18.4000,0.010000,6.996572,50000
2265,291,1000,21,48,18.5000,0.010000,6.854342,50000
2266,292,1000,20,48,17.8500,0.010000,4.612920,50000
2267,293,1000,13,48,17.9500,0.010000,10.135409,50000
2268,294,1000,12,48,17.3000,0.010000,9.771469,50000
2269,295,1000,31,48,18.1500,0.010000,7.199282,50000
2270,296,1000,18,48,18.9000,0.010000,8.369765,50000
2271,297,1000,33,48,19.5500,0.010000,9.189960,50000
2272,298,1000,24,48,19.8000,0.010000,4.168715,50000
2273,299,1000,15,48,19.7500,0.010000,10.385744,50000
2274,300,1000,9,48,18.8500,0.010000,18.640360,50000
2275,301,1000,5,48,18.1000,0.010000,7.209559,50000
2276,302,1000,9,48,17.4000,0.010000,19.855835,50000
2277,303,1000,21,48,18.0000,0.010000,11.071960,50000
